Workbook

Sheet INDICE
B5: ÍNDICE
A7: 1 | B7: Cálculo SSFV Strings a Inversor
A8: 2 | B8: Cálculo SSFV Salida del inversor - Tablero AC
A9: 3 | B9: Cálculo SSFV Tablero AC - Punto de Interconexión cliente
A10: 4 | B10: Cálculo regulación de Voltaje
A11: 5 | B11: Pérdidas de energia en el SSFV
A12: 6 | B12: Cálculo caida de tensión en el SSFV
A13: 7 | B13: Tabla auxiliar información ficha técnica de tuberia
A14: 8 | B14: Tabla auxiliar información ficha técnica de bandeja portacable
A15: 9 | B15: Tabla auxiliar conversión áreas de cableado
A16: 10 | B16: NTC 2050 Tabla 310-16
A17: 11 | B17: NTC 2050 Puesta a tierra
A18: 12 | B18: NTC 2050 Tabla auxiliar para cálculo de conductores
... A23: 17 | B23: Variables del sistema en la mémoria de cálculo

Sheet PV_INV_STRING
A1: Información de módulos solares fotovoltaicos | H1: Casillas de control
A2: Parametro | B2: Valor | H2: =IF(AND(B19>=21,B19<=25),"21-25",IF(AND(B19>=26,B19<=30),"26-30",IF(AND(B19>=31,B19<=35),"31-35",IF(AND(B19>=36,B19<=40),"36-40",IF(AND(B19>=41,B19<=45),"41-45",IF(AND(B19>=46,B19<=50),"46-50",IF(AND(B19>=51,B19<=55),"51-55",IF(AND(B19>=56,B19<=60),"56-60",IF(AND(B19>=61,B19<=70),"61-70",IF(AND(B19>=71,B19<=80),"71-80","ERROR")))))))))) -> 21-25
A3: Fabricante | B3: Longi | H3: =IF(AND(B23>=1,B23<=3),1,IF(AND(B23>=4,B23<=6),"De 4 a 6",IF(AND(B23>=7,B23<=9),"De 7 a 9",IF(AND(B23>=10,B23<=20),"De 10 a 20",IF(AND(B23>=21,B23<=30),"De 21 a 30",IF(AND(B23>=31,B23<=40),"De 31 a 40",IF(B23>=41,"De 41 y más","ERROR"))))))) -> 1
A4: Referencia | B4: LR5-72HTH-570M | D4: Num mod FV | H4: =IF(B20="COBRE",IF(OR(B21="90 ºC",B21="120 ºC"),INDEX('Cap 3 NTC'!P8:P37,MATCH(B32,'Cap 3 NTC'!P8:P37,-1)),IF(B21="75 ºC",INDEX('Cap 3 NTC'!O8:O37,MATCH(B32,'Cap 3 NTC'!O8:O37,-1)),INDEX('Cap 3 NTC'!N8:N37,MATCH(B32,'Cap 3 NTC'!N8:N37,-1)))),IF(OR(B21="90 ºC",B21="120 ºC"),INDEX('Cap 3 NTC'!S8:S37,MATCH(B32,'Cap 3 NTC'!S8:S37,-1)),IF(B21="75 ºC",INDEX('Cap 3 NTC'!R8:R37,MATCH(B32,'Cap 3 NTC'!R8:R37,-1)),INDEX('Cap 3 NTC'!Q8:Q37,MATCH(B32,'Cap 3 NTC'!Q8:Q37,-1))))) -> 18
A5: Potencia max [Wp] | B5: 570 | C5: =($B$5*$D$5)/1000 -> 10.83 | D5: 19
A6: Voc [V DC] | B6: 51.91 | C6: =B6*$D$5 -> 986.29
A7: Isc [A] | B7: 14.07
A8: Vmpp [V DC] | B8: 43.76 | C8: =B8*$D$5 -> 831.44
A9: Impp [A] | B9: 13.03
A11: 1. CORRIENTE MÁXIMA DEL CIRCUITO
A13: Paralelo realizado en | B13: SIN PARALELO
A14: Número de strings en paralelo | B14: 1 | C14: Paralelo hecho en Combiner Box saliendo para los MPPT1
A15: Imax [A] | B15: =B14*B7 -> 14.07
A17: 2. CÁLCULO DEL CALIBRE DEL CABLEADO
A19: Temperatura ambiente [°C] | B19: 24 | C19: Ingrese la temperatura maxima promedio del lugar de instalación
A20: Material del conductor a dimensionar | B20: COBRE
A21: Temperatura nominal del conductor [°C] | B21: 90 ºC
A22: Tipo de soporte de cables para el cálculo | B22: TUBERIA | C22: Por la Excepción del articulo 310.15 c). Cuando se obtengan dos capacidades de corriente distintas para partes seguidas de un circuito, se permite utilizar la mayor más allá del punto de transición, a la menor de las siguientes distanclas : 3,0 m o el 10 % de la longitud del circuito que da la capacidad de corriente mayor.
A23: Número de conductores portadores de corriente por la tubería | B23: 2 | C23: Ingrese SOLO el número de conductores portadores de corriente, NO incluir neutros ni tierras.
A25: Calculo de Ampacidades
A26: Ampacidad minima A1 [A] | B26: =1.25*B15 -> 17.5875 | C26: 220-10. b) y 690-8 a) NTC 2050
A28: Ft | B28: =IF(B20="COBRE",VLOOKUP(H2,'Cap 3 NTC'!A41:D50,MATCH(B21,'Cap 3 NTC'!A4:D4,0),FALSE),VLOOKUP(H2,'Cap 3 NTC'!A41:G50,MATCH(B21,'Cap 3 NTC'!E4:G4,0)+4,FALSE)) -> 1.04 | C28: Factor por temperatura ambiente | F28: 318-11 b) Los factores de corrección de la Sección 310, Nota 8.a) de las Notas a las Tablas de capacidad de corriente de 0 a 2 000 V, no se deben aplicar a la capacidad de corriente de los cables en bandejas.
A29: Fag | B29: =IF(B22="BANDEJA PORTACABLES",1,IF(AND(B23>=1,B23<=3),1,VLOOKUP(H3,'Cap 3 NTC'!J41:K46,2,FALSE))) -> 1 | C29: Factor por agrupación de conductores | F29: Ft en bandejas es 1,0 por articulo NTC 2050 318-11. b) Capacidad de corriente de los cables de 2 000 V o menos en las bandejas portacables
A30: Ampacidad 2 [A] | B30: =B15/(B28*B29) -> 13.528846 | C30: tablas 310-16 a la 310-19 NTC 2050 | G30: REVISAR SI EN BANDEJA PORTACABLES SE CONSIDERA EL CONDUCTOR AL AIRE LIBRE Y SE ESCOGERIA LA AMPACIDAD DE LA TABLA 310-15, NO DE LA 310-16
A32: AMPACIDAD MINIMA DEL CABLE [A] | B32: =IF(B30>=B26,B30,B26) -> 17.5875
A33: CALIBRE MINIMO DEL CABLE AWG | B33: =IF(B20="COBRE",IF(OR(B21="90 ºC",B21="120 ºC"),VLOOKUP(H4,'Cap 3 NTC'!P8:U37,6,FALSE),IF(B21="75 ºC",VLOOKUP(H4,'Cap 3 NTC'!O8:U37,7,FALSE),IF(B21="60 ºC",VLOOKUP(H4,'Cap 3 NTC'!N8:U37,8,FALSE)))),IF(OR(B21="90 ºC",B21="120 ºC"),VLOOKUP(H4,'Cap 3 NTC'!S8:U37,3,FALSE),IF(B21="75 ºC",VLOOKUP(H4,'Cap 3 NTC'!R8:U37,4,FALSE),IF(B21="60 ºC",VLOOKUP(H4,'Cap 3 NTC'!Q8:U37,5,FALSE))))) -> 16
A35: CALIBRE CABLE SELECCIONADO | B35: 12 AWG | C35: Seleccione un cable con calibre mayor o igual al calibre minimo del paso anterior
A36: Equivalencia en mm² | B36: =VLOOKUP(B35,Cables!F3:G28,2,FALSE) -> 4
A38: 3. SELECCIÓN DE PROTECCIÓN DEL CIRCUITO
A40: Corriente minima de dispositivo Iocpd [A] | B40: =1.25*B15 -> 17.5875 | C40: 210-22 c) y 690-8 a) de la NTC2050
A42: Corriente de corte de proteccion seleccionada [A] | B42: 20 | C42: Ingrese el valor de la corriente de corte del dispositivo de protección contra sobrecorrientes a instalar.
A44: =IF(B42>=B40,"OK","ERROR") -> OK | B44: =IF(A44="OK","Protección seleccionada es mayor a la corriente minima de OCPD",IF(A44="ERROR","La protección seleccionada debe ser mayor a la corriente minima de OCPD")) -> Protección seleccionada es mayor a la corriente minima de OCPD | F44: artículo 27.4.3 c) del RETIE
A47: 4. VALIDACION DE LA PROTECCIÓN CONTRA SOBRECORRIENTES
A49: Temperatura nominal de funcionamiento de los conectores [°C] | B49: 60 ºC | C49: Seleccione la temperatura nominal de los conectores de los equipos. Todos los puntos de conexión, cables y equipos en una instalación eléctrica deberán soportar 60°C si conducen 100A o menos, si conducen mas de 100A podrán soportar 75°C. Sección 110-14 C de la NTC2050 y el articulo 20.2.9 f) del retie
A51: =CONCATENATE("Ampacidad del cable seleccionado @", B49, " [A]") -> Ampacidad del cable seleccionado @60 ºC [A] | B51: =IF(B20="COBRE",IF(OR(B49="90 ºC",B49="120 ºC"),VLOOKUP(B35,'Cap 3 NTC'!M8:P37,4,FALSE),IF(B49="75 ºC",VLOOKUP(B35,'Cap 3 NTC'!M8:O37,3,FALSE),IF(B49="60 ºC",VLOOKUP(B35,'Cap 3 NTC'!M8:N37,2,FALSE)))),IF(OR(B49="90 ºC",B49="120 ºC"),VLOOKUP(B35,'Cap 3 NTC'!M8:S37,7,FALSE),IF(B49="75 ºC",VLOOKUP(B35,'Cap 3 NTC'!M8:R37,6,FALSE),IF(B49="60 ºC",VLOOKUP(B35,'Cap 3 NTC'!M8:Q37,5,FALSE))))) -> 25
A52: Sirve la proteccion seleccionada? | B52: =IF(B51>=B42,"SI","NO") -> SI | C52: Según articulo 110-14.c) de la NTC 20150 y articulo 20.2.9 f del RETIE
A54: =CONCATENATE("Ampacidad del cable seleccionado temperatura nominal @", B21, " [A]") -> Ampacidad del cable seleccionado temperatura nominal @90 ºC [A] | B54: =IF(B20="COBRE",IF(OR(B21="90 ºC",B21="120 ºC"),VLOOKUP(B35,'Cap 3 NTC'!M8:P37,4,FALSE),IF(B21="75 ºC",VLOOKUP(B35,'Cap 3 NTC'!M8:O37,3,FALSE),IF(B21="60 ºC",VLOOKUP(B35,'Cap 3 NTC'!M8:N37,2,FALSE)))),IF(OR(B21="90 ºC",B21="120 ºC"),VLOOKUP(B35,'Cap 3 NTC'!M8:S37,7,FALSE),IF(B21="75 ºC",VLOOKUP(B35,'Cap 3 NTC'!M8:R37,6,FALSE),IF(B21="60 ºC",VLOOKUP(B35,'Cap 3 NTC'!M8:Q37,5,FALSE))))) -> 30
A55: Corrección de Ampacidad X factores de temperatura [A] | B55: =B54*B29*B28 -> 31.2 | C55: =0.96*40 -> 38.4
A56: Sirve la proteccion seleccionada? | B56: =IF(B55>=B42,"SI","NO") -> SI
A58: =IF(AND(B56="SI",B52="SI"), "OK",IF(OR(B56="NO",B52="NO"),"ERROR")) -> OK | B58: =IF(AND(B56="SI",B52="SI"), "La protección contra sobrecorrientes seleccionada funciona correctamente con el cable seleccionado",IF(OR(B56="NO",B52="NO"),"Realice un nuevo cálculo del cableado a utilizar o de la protección contra sobrecorrientes a utilizar")) -> La protección contra sobrecorrientes seleccionada funciona correctamente con el cable seleccionado
A61: 5. CÁLCULO DEL CABLE DE PUESTA A TIERRA
A63: Material del cable de puesta a tierra | B63: COBRE
A64: Calibre minimo del cable de tierra [AWG] | B64: =VLOOKUP(INDEX('Cap 2 NTC'!A36:A47,MATCH(B42,'Cap 2 NTC'!A36:A47,-1)),'Cap 2 NTC'!A36:C47,MATCH(PV_INV_STRING!B63,'Cap 2 NTC'!B34:C34,0)+1,FALSE) -> 12 | C64: Articulo 250-95 de la NTC 2050 y Articulo 15 Retie
A66: Calibre de cable depuesta a tierra seleccionado | B66: 10 AWG | C66: Seleccione un cable con calibre mayor o igual al calibre minimo del paso anterior
A67: Equivalencia en mm² | B67: =VLOOKUP(B66,Cables!F3:G28,2,FALSE) -> 6
A69: 6. DIMENSIONAMIENTO DE TUBERIAS
A71: TUBERIA 1 | E71: TUBERIA 2
A72: Tramo de análisis | B72: FV - Inversor C1 | E72: Tramo de análisis | F72: FV - Inversor C2 | G72: Éste tramo es igual al tramo 1
A73: Área tuberia | E73: Área tuberia
A74: Tipo de tuberia | B74: IMC | E74: Tipo de tuberia | F74: IMC
A75: Diametro nominal [in] | B75: 1" | E75: Diametro nominal [in] | F75: 1"
A77: Area útil de tuberia [mm²] | B77: =PI()*(VLOOKUP(B75,Tuberia!A4:E14,MATCH(PV_INV_STRING!B74,Tuberia!A2:E2,0),FALSE)/2)^2 -> 596.50871 | E77: Area útil de tuberia [mm²] | F77: =PI()*(VLOOKUP(F75,Tuberia!A4:E14,MATCH(PV_INV_STRING!F74,Tuberia!A2:E2,0),FALSE)/2)^2 -> 596.50871
A79: Área cables portadores de corriente | E79: Área cables portadores de corriente
A80: Tipo de conductor 1 | B80: Cable solar 4mm2 Procables | C80: Describa solar, encauchetado, multiconductor | E80: Tipo de conductor 1 | F80: Cable solar 4mm2 Procables | G80: Describa solar, encauchetado, multiconductor
A81: Numero de conductores de tipo 1 | B81: 6 | E81: Numero de conductores de tipo 1 | F81: 6
A82: Diametro exterior [mm] | B82: 5.8 | C82: Ingrese el valor que indique la ficha técnica del fabricante | E82: Diametro exterior [mm] | F82: 5.8 | G82: Ingrese el valor que indique la ficha técnica del fabricante
A83: Area de los conductores tipo 1 [mm²] | B83: =(PI()*((B82)/2)^2)*B81 -> 158.52477 | E83: Area de los conductores tipo 1 [mm²] | F83: =(PI()*((F82)/2)^2)*F81 -> 158.52477
A85: Tipo de conductor 2 | C85: Describa solar, encauchetado, multiconductor | E85: Tipo de conductor 2 | G85: Describa solar, encauchetado, multiconductor
A86: Numero de conductores de tipo 2 | E86: Numero de conductores de tipo 2
A87: Diametro exterior [mm] | C87: Ingrese el valor que indique la ficha técnica del fabricante | E87: Diametro exterior [mm] | G87: Ingrese el valor que indique la ficha técnica del fabricante
A88: Area de los conductores tipo 2 [mm²] | B88: =(PI()*((B87)/2)^2)*B86 -> 0 | E88: Area de los conductores tipo 2 [mm²] | F88: =(PI()*((F87)/2)^2)*F86 -> 0
A89: Area de los cables portadores de corriente [mm²] | B89: =B88+B83 -> 158.52477 | E89: Area de los cables portadores de corriente [mm²] | F89: =F88+F83 -> 158.52477
A91: Área cable de puesta a tierra | E91: Área cable de puesta a tierra
A92: Tipo de conductor | B92: Cable desnudo No 10 PROCABLES | C92: Describa solar, encauchetado, multiconductor | E92: Tipo de conductor | F92: Cable desnudo No 8 | G92: Describa solar, encauchetado, multiconductor
A93: Numero de conductores | B93: 1 | E93: Numero de conductores | F93: 1
A94: Diametro exterior [mm] | B94: 2.93 | C94: Ingrese el valor que indique la ficha técnica del fabricante | E94: Diametro exterior [mm] | F94: 3.7 | G94: Ingrese el valor que indique la ficha técnica del fabricante
A95: Area de los cables de puesta a tierra [mm²] | B95: =(PI()*(B94/2)^2)*B93 -> 6.7425647 | E95: Area de los cables de puesta a tierra [mm²] | F95: =(PI()*(F94/2)^2)*F93 -> 10.752101
A97: Area total ocupada por cableado [mm²] | B97: =SUM(B89,B95) -> 165.26733 | E97: Area total ocupada por cableado [mm²] | F97: =SUM(F89,F95) -> 169.27687
A99: % de ocupacion de tuberia | B99: =(B97/B77) -> 0.2770577 | E99: % de ocupacion de tuberia | F99: =(F97/F77) -> 0.28377937
A100: % máximo de ocupacion de tuberia | B100: =IF(SUM(B93,B81)=1,'Cap 9 NTC'!C5,IF(SUM(B93,B81)=1,'Cap 9 NTC'!D5,IF(SUM(B93,B81)>2,'Cap 9 NTC'!E5,"Error, número de conductores no puede ser negativo"))) -> 0.4 | C100: Tabla 1 Capitulo 9 NTC 2050 | E100: % máximo de ocupacion de tuberia | F100: =IF(SUM(F93,F81)=1,'Cap 9 NTC'!G5,IF(SUM(F93,F81)=1,'Cap 9 NTC'!H5,IF(SUM(F93,F81)>2,'Cap 9 NTC'!I5,"Error, número de conductores no puede ser negativo"))) -> 0 | G100: Tabla 1 Capitulo 9 NTC 2050
A102: =IF(B99<=B100,"OK",IF(B99>B100,"ERROR")) -> OK | B102: =IF(B99<=B100,"La tuberia seleccionada cumple con los porcentajes de la tabla 1 del capitulo 9 de la NTC 2050",IF(B99>B100,"La tuberia seleccionada NO cumple con los porcentajes de la tabla 1 del capitulo 9 de la NTC 2050")) -> La tuberia seleccionada cumple con los porcentajes de la tabla 1 del capitulo 9 de la NTC 2050 | E102: =IF(F99<=F100,"OK",IF(F99>F100,"ERROR")) -> ERROR | F102: =IF(F99<=F100,"La tuberia seleccionada cumple con los porcentajes de la tabla 1 del capitulo 9 de la NTC 2050",IF(F99>F100,"La tuberia seleccionada NO cumple con los porcentajes de la tabla 1 del capitulo 9 de la NTC 2050")) -> La tuberia seleccionada NO cumple con los porcentajes de la tabla 1 del capitulo 9 de la NTC 2050
A105: 7. DIMENSIONAMIENTO DE BANDEJAS PORTACABLES
A107: BANDEJA 1 | E107: BANDEJA 2
A108: Área bandeja | E108: Área bandeja
A109: Clase de bandeja | E109: Clase de bandeja
A110: Altura total [mm] | E110: Altura total [mm]
A111: Ancho [mm] | E111: Ancho [mm]
A112: Paso entre peldaños [mm] | C112: 20.3 j) Retie la separación entre travesaños o peldaños de la bandeja horizontal no supere 15 cm para conductores entre 2 y 8 AWG y 10 cm para conductores entre 10 y 12 AWG | E112: Paso entre peldaños [mm] | G112: 20.3 j) Retie la separación entre travesaños o peldaños de la bandeja horizontal no supere 15 cm para conductores entre 2 y 8 AWG y 10 cm para conductores entre 10 y 12 AWG
A113: Área sección transversal bandeja [mm²] | B113: =B111*B110 -> 0 | E113: Área sección transversal bandeja [mm²] | F113: =F111*F110 -> 0
A115: Área cables portadores de corriente | E115: Área cables portadores de corriente
A116: Tipo de conductor 1 | C116: Describa solar, encauchetado, multiconductor | E116: Tipo de conductor 1 | G116: Describa solar, encauchetado, multiconductor
A117: Numero de conductores de tipo 1 | E117: Numero de conductores de tipo 1
A118: Diametro exterior [mm] | C118: Ingrese el valor que indique la ficha técnica del fabricante | E118: Diametro exterior [mm] | G118: Ingrese el valor que indique la ficha técnica del fabricante
A119: Area de los conductores tipo 1 [mm²] | B119: =(PI()*((B118)/2)^2)*B117 -> 0 | E119: Area de los conductores tipo 1 [mm²] | F119: =(PI()*((F118)/2)^2)*F117 -> 0
A121: Tipo de conductor 2 | C121: Describa solar, encauchetado, multiconductor | E121: Tipo de conductor 2 | G121: Describa solar, encauchetado, multiconductor
A122: Numero de conductores de tipo 2 | E122: Numero de conductores de tipo 2
A123: Diametro exterior [mm] | C123: Ingrese el valor que indique la ficha técnica del fabricante | E123: Diametro exterior [mm] | G123: Ingrese el valor que indique la ficha técnica del fabricante
A124: Area de los conductores tipo 2 [mm²] | B124: =(PI()*((B123)/2)^2)*B122 -> 0 | E124: Area de los conductores tipo 2 [mm²] | F124: =(PI()*((F123)/2)^2)*F122 -> 0
A125: Area de los cables portadores de corriente [mm²] | B125: =B124+B119 -> 0 | E125: Area de los cables portadores de corriente [mm²] | F125: =F124+F119 -> 0
A127: Área cable de tierra | E127: Área cable de tierra
A128: Tipo de conductor | C128: Describa solar, encauchetado, multiconductor | E128: Tipo de conductor | G128: Describa solar, encauchetado, multiconductor
A129: Numero de conductores | E129: Numero de conductores
A130: Diametro exterior [mm] | C130: Ingrese el valor que indique la ficha técnica del fabricante | E130: Diametro exterior [mm] | G130: Ingrese el valor que indique la ficha técnica del fabricante
A131: Area de los cables de tierra [mm²] | B131: =(PI()*(B130/2)^2)*B129 -> 0 | E131: Area de los cables de tierra [mm²] | F131: =(PI()*(F130/2)^2)*F129 -> 0
A133: Diametro total de cables [mm] | B133: =SUM(B130*B129,B117*B118,B123*B122) -> 0 | C133: Solo para bandejas ventiladas | E133: Diametro total de cables [mm] | F133: =SUM(F130*F129,F117*F118,F123*F122) -> 0 | G133: Solo para bandejas ventiladas
A134: Diametro maximo permitido [mm] | B134: =B111 -> 0 | C134: 318-10 b) de NTC 2050 ocupacion de bandejas portacables. Cuando una bandeja portacables de canal ventilado de 76 mm, 102 mm o 152 mm de ancho contenga cables de conductor sencillo, la suma de los diámetros de todos los conductores no debe superar la anchura interior del canal. | E134: Diametro maximo permitido [mm] | F134: =F111 -> 0 | G134: 318-10 b) de NTC 2050 ocupacion de bandejas portacables. Cuando una bandeja portacables de canal ventilado de 76 mm, 102 mm o 152 mm de ancho contenga cables de conductor sencillo, la suma de los diámetros de todos los conductores no debe superar la anchura interior del canal.
A136: Area total ocupada por cableado [mm²] | B136: =SUM(B125,B131) -> 0 | E136: Area total ocupada por cableado [mm²] | F136: =SUM(F125,F131) -> 0
A138: % de ocupacion de la bandeja | B138: =B136/B113 -> #DIV/0! | E138: % de ocupacion de la bandeja | F138: =F136/F113 -> #DIV/0!
A139: % máximo de ocupacion de bandeja | B139: 0.4 | C139: 20.3 i) Retie No se debe superar el 40% del volumen de llenado de la bandeja para cables de potencia y control | E139: % máximo de ocupacion de bandeja | F139: 0.4 | G139: 20.3 i) Retie No se debe superar el 40% del volumen de llenado de la bandeja para cables de potencia y control
A141: =IF(AND(B138<=B139,B133<=B134),"OK",IF(OR(B138>B139,B133>B134),"ERROR")) -> #DIV/0! | B141: =IF(AND(B138<=B139,B133<=B134),"La bandeja seleccionada cumple con el articulo 318-10 b) de la NTC 2050 y el articulo 20.3 i) del RETIE",IF(B138>B139,"El porcentaje de ocupacion del area transversal de la bandeja es mayor al 40%",IF(B133>B134,"la bandeja "))) -> #DIV/0! | E141: =IF(AND(F138<=F139,F133<=F134),"OK",IF(OR(F138>F139,F133>F134),"ERROR")) -> #DIV/0! | F141: =IF(AND(F138<=F139,F133<=F134),"La bandeja seleccionada cumple con el articulo 318-10 b) de la NTC 2050 y el articulo 20.3 i) del RETIE",IF(F138>F139,"El porcentaje de ocupacion del area transversal de la bandeja es mayor al 40%",IF(F133>F134,"la bandeja "))) -> #DIV/0!
...

Sheet PV_INV_PARALELO
A1: Información de módulos solares fotovoltaicos | H1: Casillas de control
A2: Parametro | B2: Valor | H2: =IF(AND(B19>=21,B19<=25),"21-25",IF(AND(B19>=26,B19<=30),"26-30",IF(AND(B19>=31,B19<=35),"31-35",IF(AND(B19>=36,B19<=40),"36-40",IF(AND(B19>=41,B19<=45),"41-45",IF(AND(B19>=46,B19<=50),"46-50",IF(AND(B19>=51,B19<=55),"51-55",IF(AND(B19>=56,B19<=60),"56-60",IF(AND(B19>=61,B19<=70),"61-70",IF(AND(B19>=71,B19<=80),"71-80","ERROR")))))))))) -> 21-25
A3: Fabricante | H3: =IF(AND(B23>=1,B23<=3),1,IF(AND(B23>=4,B23<=6),"De 4 a 6",IF(AND(B23>=7,B23<=9),"De 7 a 9",IF(AND(B23>=10,B23<=20),"De 10 a 20",IF(AND(B23>=21,B23<=30),"De 21 a 30",IF(AND(B23>=31,B23<=40),"De 31 a 40",IF(B23>=41,"De 41 y más","ERROR"))))))) -> De 7 a 9
A4: Referencia | D4: Num mod FV | H4: =IF(B20="COBRE",IF(OR(B21="90 ºC",B21="120 ºC"),INDEX('Cap 3 NTC'!P8:P37,MATCH(B32,'Cap 3 NTC'!P8:P37,-1)),IF(B21="75 ºC",INDEX('Cap 3 NTC'!O8:O37,MATCH(B32,'Cap 3 NTC'!O8:O37,-1)),INDEX('Cap 3 NTC'!N8:N37,MATCH(B32,'Cap 3 NTC'!N8:N37,-1)))),IF(OR(B21="90 ºC",B21="120 ºC"),INDEX('Cap 3 NTC'!S8:S37,MATCH(B32,'Cap 3 NTC'!S8:S37,-1)),IF(B21="75 ºC",INDEX('Cap 3 NTC'!R8:R37,MATCH(B32,'Cap 3 NTC'!R8:R37,-1)),INDEX('Cap 3 NTC'!Q8:Q37,MATCH(B32,'Cap 3 NTC'!Q8:Q37,-1))))) -> 14
A5: Potencia max [Wp] | C5: =B5*$D$5 -> 0 | D5: 8
A6: Voc [V DC] | C6: =B6*$D$5 -> 0
A7: Isc [A]
A8: Vmpp [V DC] | C8: =B8*$D$5 -> 0
A9: Impp [A]
A11: 1. CORRIENTE MÁXIMA DEL CIRCUITO
A13: Paralelo realizado en | B13: SIN PARALELO
A14: Número de strings en paralelo | B14: 1 | C14: Paralelo hecho en Combiner Box saliendo para los MPPT1
A15: Imax [A] | B15: =B14*B7 -> 0
A17: 2. CÁLCULO DEL CALIBRE DEL CABLEADO
A19: Temperatura ambiente [°C] | B19: 22 | C19: Ingrese la temperatura maxima promedio del lugar de instalación
A20: Material del conductor a dimensionar | B20: COBRE
A21: Temperatura nominal del conductor [°C] | B21: 90 ºC
A22: Tipo de soporte de cables para el cálculo | B22: TUBERIA | C22: Por la Excepción del articulo 310.15 c). Cuando se obtengan dos capacidades de corriente distintas para partes seguidas de un circuito, se permite utilizar la mayor más allá del punto de transición, a la menor de las siguientes distanclas : 3,0 m o el 10 % de la longitud del circuito que da la capacidad de corriente mayor.
A23: Número de conductores portadores de corriente por la tubería | B23: 8 | C23: Ingrese SOLO el número de conductores portadores de corriente, NO incluir neutros ni tierras.
A25: Calculo de Ampacidades
A26: Ampacidad minima A1 [A] | B26: =1.25*B15 -> 0 | C26: 220-10. b) y 690-8 a) NTC 2050
A28: Ft | B28: =IF(B20="COBRE",VLOOKUP(H2,'Cap 3 NTC'!A41:D50,MATCH(B21,'Cap 3 NTC'!A4:D4,0),FALSE),VLOOKUP(H2,'Cap 3 NTC'!A41:G50,MATCH(B21,'Cap 3 NTC'!E4:G4,0)+4,FALSE)) -> 1.04 | C28: Factor por temperatura ambiente | F28: 318-11 b) Los factores de corrección de la Sección 310, Nota 8.a) de las Notas a las Tablas de capacidad de corriente de 0 a 2 000 V, no se deben aplicar a la capacidad de corriente de los cables en bandejas.
A29: Fag | B29: =IF(B22="BANDEJA PORTACABLES",1,IF(AND(B23>=1,B23<=3),1,VLOOKUP(H3,'Cap 3 NTC'!J41:K46,2,FALSE))) -> 0.7 | C29: Factor por agrupación de conductores | F29: Ft en bandejas es 1,0 por articulo NTC 2050 318-11. b) Capacidad de corriente de los cables de 2 000 V o menos en las bandejas portacables
A30: Ampacidad 2 [A] | B30: =B15/(B28*B29) -> 0 | C30: tablas 310-16 a la 310-19 NTC 2050 | G30: REVISAR SI EN BANDEJA PORTACABLES SE CONSIDERA EL CONDUCTOR AL AIRE LIBRE Y SE ESCOGERIA LA AMPACIDAD DE LA TABLA 310-15, NO DE LA 310-16
A32: AMPACIDAD MINIMA DEL CABLE [A] | B32: =IF(B30>=B26,B30,B26) -> 0
A33: CALIBRE MINIMO DEL CABLE AWG | B33: =IF(B20="COBRE",IF(OR(B21="90 ºC",B21="120 ºC"),VLOOKUP(H4,'Cap 3 NTC'!P8:U37,6,FALSE),IF(B21="75 ºC",VLOOKUP(H4,'Cap 3 NTC'!O8:U37,7,FALSE),IF(B21="60 ºC",VLOOKUP(H4,'Cap 3 NTC'!N8:U37,8,FALSE)))),IF(OR(B21="90 ºC",B21="120 ºC"),VLOOKUP(H4,'Cap 3 NTC'!S8:U37,3,FALSE),IF(B21="75 ºC",VLOOKUP(H4,'Cap 3 NTC'!R8:U37,4,FALSE),IF(B21="60 ºC",VLOOKUP(H4,'Cap 3 NTC'!Q8:U37,5,FALSE))))) -> 18
A35: CALIBRE CABLE SELECCIONADO | B35: 12 AWG | C35: Seleccione un cable con calibre mayor o igual al calibre minimo del paso anterior
A36: Equivalencia en mm² | B36: =VLOOKUP(B35,Cables!F3:G28,2,FALSE) -> 4
A38: 3. SELECCIÓN DE PROTECCIÓN DEL CIRCUITO
A40: Corriente minima de dispositivo Iocpd [A] | B40: =1.25*B15 -> 0 | C40: 210-22 c) y 690-8 a) de la NTC2050
A42: Corriente de corte de proteccion seleccionada [A] | B42: 15 | C42: Ingrese el valor de la corriente de corte del dispositivo de protección contra sobrecorrientes a instalar.
A44: =IF(B42>=B40,"OK","ERROR") -> OK | B44: =IF(A44="OK","Protección seleccionada es mayor a la corriente minima de OCPD",IF(A44="ERROR","La protección seleccionada debe ser mayor a la corriente minima de OCPD")) -> Protección seleccionada es mayor a la corriente minima de OCPD | F44: artículo 27.4.3 c) del RETIE
A47: 4. VALIDACION DE LA PROTECCIÓN CONTRA SOBRECORRIENTES
A49: Temperatura nominal de funcionamiento de los conectores [°C] | B49: 60 ºC | C49: Seleccione la temperatura nominal de los conectores de los equipos. Todos los puntos de conexión, cables y equipos en una instalación eléctrica deberán soportar 60°C si conducen 100A o menos, si conducen mas de 100A podrán soportar 75°C. Sección 110-14 C de la NTC2050 y el articulo 20.2.9 f) del retie
A51: =CONCATENATE("Ampacidad del cable seleccionado @", B49, " [A]") -> Ampacidad del cable seleccionado @60 ºC [A] | B51: =IF(B20="COBRE",IF(OR(B49="90 ºC",B49="120 ºC"),VLOOKUP(B35,'Cap 3 NTC'!M8:P37,4,FALSE),IF(B49="75 ºC",VLOOKUP(B35,'Cap 3 NTC'!M8:O37,3,FALSE),IF(B49="60 ºC",VLOOKUP(B35,'Cap 3 NTC'!M8:N37,2,FALSE)))),IF(OR(B49="90 ºC",B49="120 ºC"),VLOOKUP(B35,'Cap 3 NTC'!M8:S37,7,FALSE),IF(B49="75 ºC",VLOOKUP(B35,'Cap 3 NTC'!M8:R37,6,FALSE),IF(B49="60 ºC",VLOOKUP(B35,'Cap 3 NTC'!M8:Q37,5,FALSE))))) -> 25
A52: Sirve la proteccion seleccionada? | B52: =IF(B51>=B42,"SI","NO") -> SI | C52: Según articulo 110-14.c) de la NTC 20150 y articulo 20.2.9 f del RETIE
A54: =CONCATENATE("Ampacidad del cable seleccionado temperatura nominal @", B21, " [A]") -> Ampacidad del cable seleccionado temperatura nominal @90 ºC [A] | B54: =IF(B20="COBRE",IF(OR(B21="90 ºC",B21="120 ºC"),VLOOKUP(B35,'Cap 3 NTC'!M8:P37,4,FALSE),IF(B21="75 ºC",VLOOKUP(B35,'Cap 3 NTC'!M8:O37,3,FALSE),IF(B21="60 ºC",VLOOKUP(B35,'Cap 3 NTC'!M8:N37,2,FALSE)))),IF(OR(B21="90 ºC",B21="120 ºC"),VLOOKUP(B35,'Cap 3 NTC'!M8:S37,7,FALSE),IF(B21="75 ºC",VLOOKUP(B35,'Cap 3 NTC'!M8:R37,6,FALSE),IF(B21="60 ºC",VLOOKUP(B35,'Cap 3 NTC'!M8:Q37,5,FALSE))))) -> 30
A55: Corrección de Ampacidad X factores de temperatura [A] | B55: =B54*B29*B28 -> 21.84 | C55: =0.96*40 -> 38.4
A56: Sirve la proteccion seleccionada? | B56: =IF(B55>=B42,"SI","NO") -> SI
A58: =IF(AND(B56="SI",B52="SI"), "OK",IF(OR(B56="NO",B52="NO"),"ERROR")) -> OK | B58: =IF(AND(B56="SI",B52="SI"), "La protección contra sobrecorrientes seleccionada funciona correctamente con el cable seleccionado",IF(OR(B56="NO",B52="NO"),"Realice un nuevo cálculo del cableado a utilizar o de la protección contra sobrecorrientes a utilizar")) -> La protección contra sobrecorrientes seleccionada funciona correctamente con el cable seleccionado
A61: 5. CÁLCULO DEL CABLE DE PUESTA A TIERRA
A63: Material del cable de puesta a tierra | B63: COBRE
A64: Calibre minimo del cable de tierra [AWG] | B64: =VLOOKUP(INDEX('Cap 2 NTC'!A36:A47,MATCH(B42,'Cap 2 NTC'!A36:A47,-1)),'Cap 2 NTC'!A36:C47,MATCH(PV_INV_PARALELO!B63,'Cap 2 NTC'!B34:C34,0)+1,FALSE) -> 14 | C64: Articulo 250-95 de la NTC 2050 y Articulo 15 Retie
A66: Calibre de cable depuesta a tierra seleccionado | B66: 8 AWG | C66: Seleccione un cable con calibre mayor o igual al calibre minimo del paso anterior
A67: Equivalencia en mm² | B67: =VLOOKUP(B66,Cables!F3:G28,2,FALSE) -> 10
A69: 6. DIMENSIONAMIENTO DE TUBERIAS
A71: TUBERIA 1 | E71: TUBERIA 2
A72: Tramo de análisis | B72: CB - Bandejas | E72: Tramo de análisis | F72: Bandejas - INV | G72: Éste tramo es igual al tramo 1
A73: Área tuberia | E73: Área tuberia
A74: Tipo de tuberia | B74: EMT | E74: Tipo de tuberia
A75: Diametro nominal [in] | B75: 1 1/4" | E75: Diametro nominal [in]
A77: Area útil de tuberia [mm²] | B77: =PI()*(VLOOKUP(B75,Tuberia!A4:E14,MATCH(PV_INV_PARALELO!B74,Tuberia!A2:E2,0),FALSE)/2)^2 -> 964.97372 | E77: Area útil de tuberia [mm²] | F77: =PI()*(VLOOKUP(F75,Tuberia!A4:E14,MATCH(PV_INV_PARALELO!F74,Tuberia!A2:E2,0),FALSE)/2)^2 -> #N/A
A79: Área cables portadores de corriente | E79: Área cables portadores de corriente
A80: Tipo de conductor 1 | B80: Cable solar 4mm2 Procables | C80: Describa solar, encauchetado, multiconductor | E80: Tipo de conductor 1 | G80: Describa solar, encauchetado, multiconductor
A81: Numero de conductores de tipo 1 | B81: 2 | E81: Numero de conductores de tipo 1
A82: Diametro exterior [mm] | B82: 5.8 | C82: Ingrese el valor que indique la ficha técnica del fabricante | E82: Diametro exterior [mm] | G82: Ingrese el valor que indique la ficha técnica del fabricante
A83: Area de los conductores tipo 1 [mm²] | B83: =(PI()*((B82)/2)^2)*B81 -> 52.841588 | E83: Area de los conductores tipo 1 [mm²] | F83: =(PI()*((F82)/2)^2)*F81 -> 0
A85: Tipo de conductor 2 | B85: Cable solar 6mm2 Procables | C85: Describa solar, encauchetado, multiconductor | E85: Tipo de conductor 2 | G85: Describa solar, encauchetado, multiconductor
A86: Numero de conductores de tipo 2 | B86: 4 | E86: Numero de conductores de tipo 2
A87: Diametro exterior [mm] | B87: 6.6 | C87: Ingrese el valor que indique la ficha técnica del fabricante | E87: Diametro exterior [mm] | G87: Ingrese el valor que indique la ficha técnica del fabricante
A88: Area de los conductores tipo 2 [mm²] | B88: =(PI()*((B87)/2)^2)*B86 -> 136.84778 | E88: Area de los conductores tipo 2 [mm²] | F88: =(PI()*((F87)/2)^2)*F86 -> 0
A89: Area de los cables portadores de corriente [mm²] | B89: =B88+B83 -> 189.68936 | E89: Area de los cables portadores de corriente [mm²] | F89: =F88+F83 -> 0
A91: Área cable de puesta a tierra | E91: Área cable de puesta a tierra
A92: Tipo de conductor | B92: Cable desnudo No 8 | C92: Describa solar, encauchetado, multiconductor | E92: Tipo de conductor | G92: Describa solar, encauchetado, multiconductor
A93: Numero de conductores | B93: 1 | E93: Numero de conductores
A94: Diametro exterior [mm] | B94: 3.7 | C94: Ingrese el valor que indique la ficha técnica del fabricante | E94: Diametro exterior [mm] | G94: Ingrese el valor que indique la ficha técnica del fabricante
A95: Area de los cables de puesta a tierra [mm²] | B95: =(PI()*(B94/2)^2)*B93 -> 10.752101 | E95: Area de los cables de puesta a tierra [mm²] | F95: =(PI()*(F94/2)^2)*F93 -> 0
A97: Area total ocupada por cableado [mm²] | B97: =SUM(B89,B95) -> 200.44147 | E97: Area total ocupada por cableado [mm²] | F97: =SUM(F89,F95) -> 0
A99: % de ocupacion de tuberia | B99: =(B97/B77) -> 0.20771702 | E99: % de ocupacion de tuberia | F99: =(F97/F77) -> #N/A
A100: % máximo de ocupacion de tuberia | B100: =IF(SUM(B93,B81)=1,'Cap 9 NTC'!C5,IF(SUM(B93,B81)=1,'Cap 9 NTC'!D5,IF(SUM(B93,B81)>2,'Cap 9 NTC'!E5,"Error, número de conductores no puede ser negativo"))) -> 0.4 | C100: Tabla 1 Capitulo 9 NTC 2050 | E100: % máximo de ocupacion de tuberia | F100: =IF(SUM(F93,F81)=1,'Cap 9 NTC'!G5,IF(SUM(F93,F81)=1,'Cap 9 NTC'!H5,IF(SUM(F93,F81)>2,'Cap 9 NTC'!I5,"Error, número de conductores no puede ser negativo"))) -> Error, número de conductores no puede ser negativo | G100: Tabla 1 Capitulo 9 NTC 2050
A102: =IF(B99<=B100,"OK",IF(B99>B100,"ERROR")) -> OK | B102: =IF(B99<=B100,"La tuberia seleccionada cumple con los porcentajes de la tabla 1 del capitulo 9 de la NTC 2050",IF(B99>B100,"La tuberia seleccionada NO cumple con los porcentajes de la tabla 1 del capitulo 9 de la NTC 2050")) -> La tuberia seleccionada cumple con los porcentajes de la tabla 1 del capitulo 9 de la NTC 2050 | E102: =IF(F99<=F100,"OK",IF(F99>F100,"ERROR")) -> #N/A | F102: =IF(F99<=F100,"La tuberia seleccionada cumple con los porcentajes de la tabla 1 del capitulo 9 de la NTC 2050",IF(F99>F100,"La tuberia seleccionada NO cumple con los porcentajes de la tabla 1 del capitulo 9 de la NTC 2050")) -> #N/A
A105: 7. DIMENSIONAMIENTO DE BANDEJAS PORTACABLES
A107: BANDEJA 1 | E107: BANDEJA 2
A108: Área bandeja | E108: Área bandeja
A109: Clase de bandeja | E109: Clase de bandeja
A110: Altura total [mm] | E110: Altura total [mm]
A111: Ancho [mm] | E111: Ancho [mm]
A112: Paso entre peldaños [mm] | C112: 20.3 j) Retie la separación entre travesaños o peldaños de la bandeja horizontal no supere 15 cm para conductores entre 2 y 8 AWG y 10 cm para conductores entre 10 y 12 AWG | E112: Paso entre peldaños [mm] | G112: 20.3 j) Retie la separación entre travesaños o peldaños de la bandeja horizontal no supere 15 cm para conductores entre 2 y 8 AWG y 10 cm para conductores entre 10 y 12 AWG
A113: Área sección transversal bandeja [mm²] | B113: =B111*B110 -> 0 | E113: Área sección transversal bandeja [mm²] | F113: =F111*F110 -> 0
A115: Área cables portadores de corriente | E115: Área cables portadores de corriente
A116: Tipo de conductor 1 | C116: Describa solar, encauchetado, multiconductor | E116: Tipo de conductor 1 | G116: Describa solar, encauchetado, multiconductor
A117: Numero de conductores de tipo 1 | E117: Numero de conductores de tipo 1
A118: Diametro exterior [mm] | C118: Ingrese el valor que indique la ficha técnica del fabricante | E118: Diametro exterior [mm] | G118: Ingrese el valor que indique la ficha técnica del fabricante
A119: Area de los conductores tipo 1 [mm²] | B119: =(PI()*((B118)/2)^2)*B117 -> 0 | E119: Area de los conductores tipo 1 [mm²] | F119: =(PI()*((F118)/2)^2)*F117 -> 0
A121: Tipo de conductor 2 | C121: Describa solar, encauchetado, multiconductor | E121: Tipo de conductor 2 | G121: Describa solar, encauchetado, multiconductor
A122: Numero de conductores de tipo 2 | E122: Numero de conductores de tipo 2
A123: Diametro exterior [mm] | C123: Ingrese el valor que indique la ficha técnica del fabricante | E123: Diametro exterior [mm] | G123: Ingrese el valor que indique la ficha técnica del fabricante
A124: Area de los conductores tipo 2 [mm²] | B124: =(PI()*((B123)/2)^2)*B122 -> 0 | E124: Area de los conductores tipo 2 [mm²] | F124: =(PI()*((F123)/2)^2)*F122 -> 0
A125: Area de los cables portadores de corriente [mm²] | B125: =B124+B119 -> 0 | E125: Area de los cables portadores de corriente [mm²] | F125: =F124+F119 -> 0
A127: Área cable de tierra | E127: Área cable de tierra
A128: Tipo de conductor | C128: Describa solar, encauchetado, multiconductor | E128: Tipo de conductor | G128: Describa solar, encauchetado, multiconductor
A129: Numero de conductores | E129: Numero de conductores
A130: Diametro exterior [mm] | C130: Ingrese el valor que indique la ficha técnica del fabricante | E130: Diametro exterior [mm] | G130: Ingrese el valor que indique la ficha técnica del fabricante
A131: Area de los cables de tierra [mm²] | B131: =(PI()*(B130/2)^2)*B129 -> 0 | E131: Area de los cables de tierra [mm²] | F131: =(PI()*(F130/2)^2)*F129 -> 0
A133: Diametro total de cables [mm] | B133: =SUM(B130*B129,B117*B118,B123*B122) -> 0 | C133: Solo para bandejas ventiladas | E133: Diametro total de cables [mm] | F133: =SUM(F130*F129,F117*F118,F123*F122) -> 0 | G133: Solo para bandejas ventiladas
A134: Diametro maximo permitido [mm] | B134: =B111 -> 0 | C134: 318-10 b) de NTC 2050 ocupacion de bandejas portacables. Cuando una bandeja portacables de canal ventilado de 76 mm, 102 mm o 152 mm de ancho contenga cables de conductor sencillo, la suma de los diámetros de todos los conductores no debe superar la anchura interior del canal. | E134: Diametro maximo permitido [mm] | F134: =F111 -> 0 | G134: 318-10 b) de NTC 2050 ocupacion de bandejas portacables. Cuando una bandeja portacables de canal ventilado de 76 mm, 102 mm o 152 mm de ancho contenga cables de conductor sencillo, la suma de los diámetros de todos los conductores no debe superar la anchura interior del canal.
A136: Area total ocupada por cableado [mm²] | B136: =SUM(B125,B131) -> 0 | E136: Area total ocupada por cableado [mm²] | F136: =SUM(F125,F131) -> 0
A138: % de ocupacion de la bandeja | B138: =B136/B113 -> #DIV/0! | E138: % de ocupacion de la bandeja | F138: =F136/F113 -> #DIV/0!
A139: % máximo de ocupacion de bandeja | B139: 0.4 | C139: 20.3 i) Retie No se debe superar el 40% del volumen de llenado de la bandeja para cables de potencia y control | E139: % máximo de ocupacion de bandeja | F139: 0.4 | G139: 20.3 i) Retie No se debe superar el 40% del volumen de llenado de la bandeja para cables de potencia y control
A141: =IF(AND(B138<=B139,B133<=B134),"OK",IF(OR(B138>B139,B133>B134),"ERROR")) -> #DIV/0! | B141: =IF(AND(B138<=B139,B133<=B134),"La bandeja seleccionada cumple con el articulo 318-10 b) de la NTC 2050 y el articulo 20.3 i) del RETIE",IF(B138>B139,"El porcentaje de ocupacion del area transversal de la bandeja es mayor al 40%",IF(B133>B134,"la bandeja "))) -> #DIV/0! | E141: =IF(AND(F138<=F139,F133<=F134),"OK",IF(OR(F138>F139,F133>F134),"ERROR")) -> #DIV/0! | F141: =IF(AND(F138<=F139,F133<=F134),"La bandeja seleccionada cumple con el articulo 318-10 b) de la NTC 2050 y el articulo 20.3 i) del RETIE",IF(F138>F139,"El porcentaje de ocupacion del area transversal de la bandeja es mayor al 40%",IF(F133>F134,"la bandeja "))) -> #DIV/0!
...

Sheet INV1_TABLERO FV
A1: Información de los inversores | H1: Casillas de control
A2: Parametro | B2: Valor | H2: =IF(AND(B16>=21,B16<=25),"21-25",IF(AND(B16>=26,B16<=30),"26-30",IF(AND(B16>=31,B16<=35),"31-35",IF(AND(B16>=36,B16<=40),"36-40",IF(AND(B16>=41,B16<=45),"41-45",IF(AND(B16>=46,B16<=50),"46-50",IF(AND(B16>=51,B16<=55),"51-55",IF(AND(B16>=56,B16<=60),"56-60",IF(AND(B16>=61,B16<=70),"61-70",IF(AND(B16>=71,B16<=80),"71-80","ERROR")))))))))) -> 21-25
A3: Fabricante | B3: Growatt | H3: =IF(AND(B20>=1,B20<=3),1,IF(AND(B20>=4,B20<=6),"De 4 a 6",IF(AND(B20>=7,B20<=9),"De 7 a 9",IF(AND(B20>=10,B20<=20),"De 10 a 20",IF(AND(B20>=21,B20<=30),"De 21 a 30",IF(AND(B20>=31,B20<=40),"De 31 a 40",IF(B20>=41,"De 41 y más","ERROR"))))))) -> 1
A4: Referencia | B4: MIN10000 TL-X2 | H4: =IF(B17="COBRE",IF(OR(B18="90 ºC",B18="120 ºC"),INDEX('Cap 3 NTC'!P8:P37,MATCH(B29,'Cap 3 NTC'!P8:P37,-1)),IF(B18="75 ºC",INDEX('Cap 3 NTC'!O8:O37,MATCH(B29,'Cap 3 NTC'!O8:O37,-1)),INDEX('Cap 3 NTC'!N8:N37,MATCH(B29,'Cap 3 NTC'!N8:N37,-1)))),IF(OR(B18="90 ºC",B18="120 ºC"),INDEX('Cap 3 NTC'!S8:S37,MATCH(B29,'Cap 3 NTC'!S8:S37,-1)),IF(B18="75 ºC",INDEX('Cap 3 NTC'!R8:R37,MATCH(B29,'Cap 3 NTC'!R8:R37,-1)),INDEX('Cap 3 NTC'!Q8:Q37,MATCH(B29,'Cap 3 NTC'!Q8:Q37,-1))))) -> 55
A5: Potencia nominal [kW] | B5: 10
A6: Voltaje de salida [V AC] | B6: 220
A7: Corriente máxima de salida [A] | B7: 45.5
A8: Número de fases | B8: 2
A10: 1. CORRIENTE MÁXIMA DEL CIRCUITO
A12: Imax [A] | B12: =B7 -> 45.5
A14: 2. CÁLCULO DEL CALIBRE DEL CABLEADO
A16: Temperatura ambiente [°C] | B16: 24 | C16: Ingrese la temperatura maxima promedio del lugar de instalación
A17: Material del conductor a dimensionar | B17: COBRE
A18: Temperatura nominal del conductor [°C] | B18: 90 ºC
A19: Tipo de soporte de cables para el cálculo | B19: TUBERIA | C19: Por la Excepción del articulo 310.15 c). Cuando se obtengan dos capacidades de corriente distintas para partes seguidas de un circuito, se permite utilizar la mayor más allá del punto de transición, a la menor de las siguientes distanclas : 3,0 m o el 10 % de la longitud del circuito que da la capacidad de corriente mayor.
A20: Número de conductores portadores de corriente por la tubería | B20: 2 | C20: La salida del inversor es trifásica
A22: Calculo de Ampacidades
A23: Ampacidad minima A1 [A] | B23: =B12 -> 45.5 | C23: 220-10. b) NTC 2050
A25: Ft | B25: =IF(B17="COBRE",VLOOKUP(H2,'Cap 3 NTC'!A41:D50,MATCH(B18,'Cap 3 NTC'!A4:D4,0),FALSE),VLOOKUP(H2,'Cap 3 NTC'!A41:G50,MATCH(B18,'Cap 3 NTC'!E4:G4,0)+4,FALSE)) -> 1.04 | C25: Factor por temperatura ambiente | F25: 318-11 b) Los factores de corrección de la Sección 310, Nota 8.a) de las Notas a las Tablas de capacidad de corriente de 0 a 2 000 V, no se deben aplicar a la capacidad de corriente de los cables en bandejas.
A26: Fag | B26: =IF(B19="BANDEJA PORTACABLES",1,IF(AND(B20>=1,B20<=3),1,VLOOKUP(H3,'Cap 3 NTC'!J41:K46,2,FALSE))) -> 1 | C26: Factor por agrupación de conductores | F26: Ft en bandejas es 1,0 por articulo NTC 2050 318-11. b) Capacidad de corriente de los cables de 2 000 V o menos en las bandejas portacables
A27: Ampacidad 2 [A] | B27: =B12/(B25*B26) -> 43.75 | C27: tablas 310-16 a la 310-19 NTC 2050 | G27: REVISAR SI EN BANDEJA PORTACABLES SE CONSIDERA EL CONDUCTOR AL AIRE LIBRE Y SE ESCOGERIA LA AMPACIDAD DE LA TABLA 310-15, NO DE LA 310-16
A29: AMPACIDAD MINIMA DEL CABLE [A] | B29: =IF(B27>=B23,B27,B23) -> 45.5
A30: CALIBRE MINIMO DEL CABLE AWG | B30: =IF(B17="COBRE",IF(OR(B18="90 ºC",B18="120 ºC"),VLOOKUP(H4,'Cap 3 NTC'!P8:U37,6,FALSE),IF(B18="75 ºC",VLOOKUP(H4,'Cap 3 NTC'!O8:U37,7,FALSE),IF(B18="60 ºC",VLOOKUP(H4,'Cap 3 NTC'!N8:U37,8,FALSE)))),IF(OR(B18="90 ºC",B18="120 ºC"),VLOOKUP(H4,'Cap 3 NTC'!S8:U37,3,FALSE),IF(B18="75 ºC",VLOOKUP(H4,'Cap 3 NTC'!R8:U37,4,FALSE),IF(B18="60 ºC",VLOOKUP(H4,'Cap 3 NTC'!Q8:U37,5,FALSE))))) -> 8
A32: CALIBRE CABLE SELECCIONADO | B32: 6 AWG | C32: Seleccione un cable con calibre mayor o igual al calibre minimo del paso anterior
A34: 3. SELECCIÓN DE PROTECCIÓN DEL CIRCUITO
A36: Corriente minima de dispositivo Iocpd [A] | B36: =B12 -> 45.5 | C36: 210-22 c) de la NTC2050
A38: Corriente de corte de proteccion seleccionada [A] | B38: 50 | C38: Ingrese el valor de la corriente de corte del dispositivo de protección contra sobrecorrientes a instalar.
A40: =IF(B38>=B36,"OK","ERROR") -> OK | B40: =IF(A40="OK","Protección seleccionada es mayor a la corriente minima de OCPD",IF(A40="ERROR","La protección seleccionada debe ser mayor a la corriente minima de OCPD")) -> Protección seleccionada es mayor a la corriente minima de OCPD | F40: artículo 27.4.3 c) del RETIE
A43: 4. VALIDACION DE LA PROTECCIÓN CONTRA SOBRECORRIENTES
A45: Temperatura nominal de funcionamiento de los conectores [°C] | B45: 60 ºC | C45: Seleccione la temperatura nominal de los conectores de los equipos. Todos los puntos de conexión, cables y equipos en una instalación eléctrica deberán soportar 60°C si conducen 100A o menos, si conducen mas de 100A podrán soportar 75°C. Sección 110-14 C de la NTC2050 y el articulo 20.2.9 f) del retie
A47: =CONCATENATE("Ampacidad del cable seleccionado @", B45, " [A]") -> Ampacidad del cable seleccionado @60 ºC [A] | B47: =IF(B17="COBRE",IF(OR(B45="90 ºC",B45="120 ºC"),VLOOKUP(B32,'Cap 3 NTC'!M8:P37,4,FALSE),IF(B45="75 ºC",VLOOKUP(B32,'Cap 3 NTC'!M8:O37,3,FALSE),IF(B45="60 ºC",VLOOKUP(B32,'Cap 3 NTC'!M8:N37,2,FALSE)))),IF(OR(B45="90 ºC",B45="120 ºC"),VLOOKUP(B32,'Cap 3 NTC'!M8:S37,7,FALSE),IF(B45="75 ºC",VLOOKUP(B32,'Cap 3 NTC'!M8:R37,6,FALSE),IF(B45="60 ºC",VLOOKUP(B32,'Cap 3 NTC'!M8:Q37,5,FALSE))))) -> 55
A48: Sirve la proteccion seleccionada? | B48: =IF(B47>=B38,"SI","NO") -> SI | C48: Según articulo 110-14.c) de la NTC 20150 y articulo 20.2.9 f del RETIE
A50: =CONCATENATE("Ampacidad del cable seleccionado temperatura nominal @", B18, " [A]") -> Ampacidad del cable seleccionado temperatura nominal @90 ºC [A] | B50: =IF(B17="COBRE",IF(OR(B18="90 ºC",B18="120 ºC"),VLOOKUP(B32,'Cap 3 NTC'!M8:P37,4,FALSE),IF(B18="75 ºC",VLOOKUP(B32,'Cap 3 NTC'!M8:O37,3,FALSE),IF(B18="60 ºC",VLOOKUP(B32,'Cap 3 NTC'!M8:N37,2,FALSE)))),IF(OR(B18="90 ºC",B18="120 ºC"),VLOOKUP(B32,'Cap 3 NTC'!M8:S37,7,FALSE),IF(B18="75 ºC",VLOOKUP(B32,'Cap 3 NTC'!M8:R37,6,FALSE),IF(B18="60 ºC",VLOOKUP(B32,'Cap 3 NTC'!M8:Q37,5,FALSE))))) -> 75
A51: Corrección de Ampacidad X factores de temperatura [A] | B51: =B50*B26*B25 -> 78
A52: Sirve la proteccion seleccionada? | B52: =IF(B51>=B38,"SI","NO") -> SI
A54: =IF(AND(B52="SI",B48="SI"), "OK",IF(OR(B52="NO",B48="NO"),"ERROR")) -> OK | B54: =IF(AND(B52="SI",B48="SI"), "La protección contra sobrecorrientes seleccionada funciona correctamente con el cable seleccionado",IF(OR(B52="NO",B48="NO"),"Realice un nuevo cálculo del cableado a utilizar o de la protección contra sobrecorrientes a utilizar")) -> La protección contra sobrecorrientes seleccionada funciona correctamente con el cable seleccionado
A57: 5. CÁLCULO DEL CABLE DE PUESTA A TIERRA
A59: Material del cable de puesta a tierra | B59: COBRE
A60: Calibre minimo del cable de tierra [AWG] | B60: =VLOOKUP(INDEX('Cap 2 NTC'!A36:A47,MATCH(B38,'Cap 2 NTC'!A36:A47,-1)),'Cap 2 NTC'!A36:C47,MATCH('INV1_TABLERO FV'!B59,'Cap 2 NTC'!B34:C34,0)+1,FALSE) -> 10 | C60: Articulo 250-95 de la NTC 2050 y Articulo 15 Retie
A62: Calibre de cable depuesta a tierra seleccionado | B62: 10 AWG | C62: Seleccione un cable con calibre mayor o igual al calibre minimo del paso anterior
A64: 6. DIMENSIONAMIENTO DE TUBERIAS
A66: TUBERIA 1 | E66: TUBERIA 2
A67: Tramo de análisis | B67: Inversor - Punto de conexión | E67: Tramo de análisis
A68: Área tuberia | E68: Área tuberia
A69: Tipo de tuberia | B69: EMT | E69: Tipo de tuberia | F69: EMT
A70: Diametro nominal [in] | B70: 3/4" | E70: Diametro nominal [in] | F70: 2"
A72: Area útil de tuberia [mm²] | B72: =PI()*(VLOOKUP(B70,Tuberia!A4:E14,MATCH('INV1_TABLERO FV'!B69,Tuberia!A2:E2,0),FALSE)/2)^2 -> 344.04222 | E72: Area útil de tuberia [mm²] | F72: =PI()*(VLOOKUP(F70,Tuberia!A4:E14,MATCH('INV1_TABLERO FV'!F69,Tuberia!A2:E2,0),FALSE)/2)^2 -> 2164.9021
A74: Área cables portadores de corriente | E74: Área cables portadores de corriente
A75: Tipo de conductor 1 | B75: THHN/THWN-2 CT PROCABLES No.6 | C75: Describa solar, encauchetado, multiconductor | E75: Tipo de conductor 1 | G75: Describa solar, encauchetado, multiconductor
A76: Numero de conductores de tipo 1 | B76: 2 | E76: Numero de conductores de tipo 1
A77: Diametro exterior [mm] | B77: 4.66 | C77: Ingrese el valor que indique la ficha técnica del fabricante | E77: Diametro exterior [mm] | G77: Ingrese el valor que indique la ficha técnica del fabricante
A78: Area de los conductores tipo 1 [mm²] | B78: =(PI()*((B77)/2)^2)*B76 -> 34.110785 | E78: Area de los conductores tipo 1 [mm²] | F78: =(PI()*((F77)/2)^2)*F76 -> 0
B79: =(PI()*((B77)/2)^2) -> 17.055392
A80: Tipo de conductor 2 | C80: Describa solar, encauchetado, multiconductor | E80: Tipo de conductor 2 | G80: Describa solar, encauchetado, multiconductor
A81: Numero de conductores de tipo 2 | E81: Numero de conductores de tipo 2
A82: Diametro exterior [mm] | C82: Ingrese el valor que indique la ficha técnica del fabricante | E82: Diametro exterior [mm] | G82: Ingrese el valor que indique la ficha técnica del fabricante
A83: Area de los conductores tipo 2 [mm²] | B83: =(PI()*((B82)/2)^2)*B81 -> 0 | E83: Area de los conductores tipo 2 [mm²] | F83: =(PI()*((F82)/2)^2)*F81 -> 0
A84: Area de los cables portadores de corriente [mm²] | B84: =B83+B78 -> 34.110785 | E84: Area de los cables portadores de corriente [mm²] | F84: =F83+F78 -> 0
A86: Área cable de puesta a tierra | E86: Área cable de puesta a tierra
A87: Tipo de conductor | B87: Cable desnudo PROCABLES No 10 | C87: Describa solar, encauchetado, multiconductor | E87: Tipo de conductor | G87: Describa solar, encauchetado, multiconductor
A88: Numero de conductores | B88: 1 | E88: Numero de conductores
A89: Diametro exterior [mm] | B89: 2.93 | C89: Ingrese el valor que indique la ficha técnica del fabricante | E89: Diametro exterior [mm] | G89: Ingrese el valor que indique la ficha técnica del fabricante
A90: Area de los cables de puesta a tierra [mm²] | B90: =(PI()*(B89/2)^2)*B88 -> 6.7425647 | E90: Area de los cables de puesta a tierra [mm²] | F90: =(PI()*(F89/2)^2)*F88 -> 0
A92: Area total ocupada por cableado [mm²] | B92: =SUM(B84,B90) -> 40.853349 | E92: Area total ocupada por cableado [mm²] | F92: =SUM(F84,F90) -> 0
A94: % de ocupacion de tuberia | B94: =(B92/B72) -> 0.11874516 | E94: % de ocupacion de tuberia | F94: =(F92/F72) -> 0
A95: % máximo de ocupacion de tuberia | B95: =IF(SUM(B88,B76)=1,'Cap 9 NTC'!C5,IF(SUM(B88,B76)=1,'Cap 9 NTC'!D5,IF(SUM(B88,B76)>2,'Cap 9 NTC'!E5,"Error, número de conductores no puede ser negativo"))) -> 0.4 | C95: Tabla 1 Capitulo 9 NTC 2050 | E95: % máximo de ocupacion de tuberia | F95: =IF(SUM(F88,F76)=1,'Cap 9 NTC'!C5,IF(SUM(B88,B76)=1,'Cap 9 NTC'!D5,IF(SUM(B88,B76)>2,'Cap 9 NTC'!E5,"Error, número de conductores no puede ser negativo"))) -> 0.4 | G95: Tabla 1 Capitulo 9 NTC 2050
A97: =IF(B94<=B95,"OK",IF(B94>B95,"ERROR")) -> OK | B97: =IF(B94<=B95,"La tuberia seleccionada cumple con los porcentajes de la tabla 1 del capitulo 9 de la NTC 2050",IF(B94>B95,"La tuberia seleccionada NO cumple con los porcentajes de la tabla 1 del capitulo 9 de la NTC 2050")) -> La tuberia seleccionada cumple con los porcentajes de la tabla 1 del capitulo 9 de la NTC 2050 | E97: =IF(F94<=F95,"OK",IF(F94>F95,"ERROR")) -> OK | F97: =IF(F94<=F95,"La tuberia seleccionada cumple con los porcentajes de la tabla 1 del capitulo 9 de la NTC 2050",IF(F94>F95,"La tuberia seleccionada NO cumple con los porcentajes de la tabla 1 del capitulo 9 de la NTC 2050")) -> La tuberia seleccionada cumple con los porcentajes de la tabla 1 del capitulo 9 de la NTC 2050
A100: 7. DIMENSIONAMIENTO DE BANDEJAS PORTACABLES
A102: BANDEJA 1 | E102: BANDEJA 2
A103: Área bandeja | E103: Área bandeja
A104: Clase de bandeja | B104: Escalera - Liviana | E104: Clase de bandeja
A105: Altura total [mm] | B105: 80 | E105: Altura total [mm]
A106: Ancho [mm] | B106: 200 | E106: Ancho [mm]
A107: Paso entre peldaños [mm] | B107: 150 | C107: 20.3 j) Retie la separación entre travesaños o peldaños de la bandeja horizontal no supere 15 cm para conductores entre 2 y 8 AWG y 10 cm para conductores entre 10 y 12 AWG | E107: Paso entre peldaños [mm] | G107: 20.3 j) Retie la separación entre travesaños o peldaños de la bandeja horizontal no supere 15 cm para conductores entre 2 y 8 AWG y 10 cm para conductores entre 10 y 12 AWG
A108: Área sección transversal bandeja [mm²] | B108: =B106*B105 -> 16000 | E108: Área sección transversal bandeja [mm²] | F108: =F106*F105 -> 0
A110: Área cables portadores de corriente | E110: Área cables portadores de corriente
A111: Tipo de conductor 1 | B111: THHN/THWN No 1/0 AWG | C111: Describa solar, encauchetado, multiconductor | E111: Tipo de conductor | G111: Describa solar, encauchetado, multiconductor
A112: Numero de conductores de tipo 1 | B112: 8 | E112: Numero de conductores
A113: Diametro exterior [mm] | B113: 12.03 | C113: Ingrese el valor que indique la ficha técnica del fabricante | E113: Diametro exterior [mm] | G113: Ingrese el valor que indique la ficha técnica del fabricante
A114: Area de los conductores tipo 1 [mm²] | B114: =(PI()*((B113)/2)^2)*B112 -> 909.30823 | E114: Area de los conductores tipo 1 [mm²] | F114: =(PI()*((F113)/2)^2)*F112 -> 0
A116: Tipo de conductor 2 | C116: Describa solar, encauchetado, multiconductor | E116: Tipo de conductor | G116: Describa solar, encauchetado, multiconductor
A117: Numero de conductores de tipo 2 | E117: Numero de conductores
A118: Diametro exterior [mm] | C118: Ingrese el valor que indique la ficha técnica del fabricante | E118: Diametro exterior [mm] | G118: Ingrese el valor que indique la ficha técnica del fabricante
A119: Area de los conductores tipo 2 [mm²] | B119: =(PI()*((B118)/2)^2)*B117 -> 0 | E119: Area de los conductores tipo 2 [mm²] | F119: =(PI()*((F118)/2)^2)*F117 -> 0
A120: Area de los cables portadores de corriente [mm²] | B120: =B119+B114 -> 909.30823 | E120: Area de los cables portadores de corriente [mm²] | F120: =F119+F114 -> 0
A122: Área cable de tierra | E122: Área cable de tierra
A123: Tipo de conductor | B123: THHN/THWN No 6 AWG | C123: Describa solar, encauchetado, multiconductor | E123: Tipo de conductor | G123: Describa solar, encauchetado, multiconductor
A124: Numero de conductores | B124: 2 | E124: Numero de conductores
A125: Diametro exterior [mm] | B125: 6.39 | C125: Ingrese el valor que indique la ficha técnica del fabricante | E125: Diametro exterior [mm] | G125: Ingrese el valor que indique la ficha técnica del fabricante
A126: Area de los cables de tierra [mm²] | B126: =(PI()*(B125/2)^2)*B124 -> 64.138913 | E126: Area de los cables de tierra [mm²] | F126: =(PI()*(F125/2)^2)*F124 -> 0
A128: Diametro total de cables [mm] | B128: =SUM(B125*B124,B112*B113,B118*B117) -> 109.02 | C128: Solo para bandejas ventiladas | E128: Diametro total de cables [mm] | F128: =SUM(F125*F124,F112*F113,F118*F117) -> 0 | G128: Solo para bandejas ventiladas
A129: Diametro maximo permitido [mm] | B129: =B106 -> 200 | C129: 318-10 b) de NTC 2050 ocupacion de bandejas portacables. Cuando una bandeja portacables de canal ventilado de 76 mm, 102 mm o 152 mm de ancho contenga cables de conductor sencillo, la suma de los diámetros de todos los conductores no debe superar la anchura interior del canal. | E129: Diametro maximo permitido [mm] | F129: =F106 -> 0 | G129: 318-10 b) de NTC 2050 ocupacion de bandejas portacables. Cuando una bandeja portacables de canal ventilado de 76 mm, 102 mm o 152 mm de ancho contenga cables de conductor sencillo, la suma de los diámetros de todos los conductores no debe superar la anchura interior del canal.
A131: Area total ocupada por cableado [mm²] | B131: =SUM(B120,B126) -> 973.44715 | E131: Area total ocupada por cableado [mm²] | F131: =SUM(F120,F126) -> 0
A133: % de ocupacion de la bandeja | B133: =B131/B108 -> 0.060840447 | E133: % de ocupacion de la bandeja | F133: =F131/F108 -> #DIV/0!
A134: % máximo de ocupacion de bandeja | B134: 0.4 | C134: 20.3 i) Retie No se debe superar el 40% del volumen de llenado de la bandeja para cables de potencia y control | E134: % máximo de ocupacion de bandeja | F134: 0.4 | G134: 20.3 i) Retie No se debe superar el 40% del volumen de llenado de la bandeja para cables de potencia y control
A136: =IF(AND(B133<=B134,B128<=B129),"OK",IF(OR(B133>B134,B128>B129),"ERROR")) -> OK | B136: =IF(AND(B133<=B134,B128<=B129),"La bandeja seleccionada cumple con el articulo 318-10 b) de la NTC 2050 y el articulo 20.3 i) del RETIE",IF(B133>B134,"El porcentaje de ocupacion del area transversal de la bandeja es mayor al 40%",IF(B128>B129,"la bandeja "))) -> La bandeja seleccionada cumple con el articulo 318-10 b) de la NTC 2050 y el articulo 20.3 i) del RETIE | E136: =IF(AND(F133<=F134,F128<=F129),"OK",IF(OR(F133>F134,F128>F129),"ERROR")) -> #DIV/0! | F136: =IF(AND(F133<=F134,F128<=F129),"La bandeja seleccionada cumple con el articulo 318-10 b) de la NTC 2050 y el articulo 20.3 i) del RETIE",IF(F133>F134,"El porcentaje de ocupacion del area transversal de la bandeja es mayor al 40%",IF(F128>F129,"la bandeja "))) -> #DIV/0!
A139: 8. CÁLCULO DE PÉRDIDAS
A141: CIRCUITO 1 | E141: CIRCUITO 2
A142: Nombre del circuito | B142: Inversor - tablero | E142: Nombre del circuito
A143: Distancia máxima entre inversor y tablero [m] | B143: 160 | E143: Distancia máxima entre inversor y tablero [m]
...

Sheet INV1_TABLERO FV_N
A1: Información de los inversores | H1: Casillas de control
A2: Parametro | B2: Valor | H2: =IF(AND(B16>=21,B16<=25),"21-25",IF(AND(B16>=26,B16<=30),"26-30",IF(AND(B16>=31,B16<=35),"31-35",IF(AND(B16>=36,B16<=40),"36-40",IF(AND(B16>=41,B16<=45),"41-45",IF(AND(B16>=46,B16<=50),"46-50",IF(AND(B16>=51,B16<=55),"51-55",IF(AND(B16>=56,B16<=60),"56-60",IF(AND(B16>=61,B16<=70),"61-70",IF(AND(B16>=71,B16<=80),"71-80","ERROR")))))))))) -> 31-35
A3: Fabricante | B3: Growatt | H3: =IF(AND(B20>=1,B20<=3),1,IF(AND(B20>=4,B20<=6),"De 4 a 6",IF(AND(B20>=7,B20<=9),"De 7 a 9",IF(AND(B20>=10,B20<=20),"De 10 a 20",IF(AND(B20>=21,B20<=30),"De 21 a 30",IF(AND(B20>=31,B20<=40),"De 31 a 40",IF(B20>=41,"De 41 y más","ERROR"))))))) -> 1
A4: Referencia | B4: MAC 36KTL3-XL | H4: =IF(B17="COBRE",IF(OR(B18="90 ºC",B18="120 ºC"),INDEX('Cap 3 NTC'!P8:P37,MATCH(B29,'Cap 3 NTC'!P8:P37,-1)),IF(B18="75 ºC",INDEX('Cap 3 NTC'!O8:O37,MATCH(B29,'Cap 3 NTC'!O8:O37,-1)),INDEX('Cap 3 NTC'!N8:N37,MATCH(B29,'Cap 3 NTC'!N8:N37,-1)))),IF(OR(B18="90 ºC",B18="120 ºC"),INDEX('Cap 3 NTC'!S8:S37,MATCH(B29,'Cap 3 NTC'!S8:S37,-1)),IF(B18="75 ºC",INDEX('Cap 3 NTC'!R8:R37,MATCH(B29,'Cap 3 NTC'!R8:R37,-1)),INDEX('Cap 3 NTC'!Q8:Q37,MATCH(B29,'Cap 3 NTC'!Q8:Q37,-1))))) -> 95
A5: Potencia nominal [kW] | B5: 36
A6: Voltaje de salida [V AC] | B6: 208
A7: Corriente máxima de salida [A] | B7: 94.5
A8: Número de fases | B8: 3
A10: 1. CORRIENTE MÁXIMA DEL CIRCUITO
A12: Imax [A] | B12: =B7*70% -> 66.15
A14: 2. CÁLCULO DEL CALIBRE DEL CABLEADO
A16: Temperatura ambiente [°C] | B16: 32 | C16: Ingrese la temperatura maxima promedio del lugar de instalación
A17: Material del conductor a dimensionar | B17: COBRE
A18: Temperatura nominal del conductor [°C] | B18: 90 ºC
A19: Tipo de soporte de cables para el cálculo | B19: TUBERIA | C19: Por la Excepción del articulo 310.15 c). Cuando se obtengan dos capacidades de corriente distintas para partes seguidas de un circuito, se permite utilizar la mayor más allá del punto de transición, a la menor de las siguientes distanclas : 3,0 m o el 10 % de la longitud del circuito que da la capacidad de corriente mayor.
A20: Número de conductores portadores de corriente por la tubería | B20: 3 | C20: La salida del inversor es trifásica
A22: Calculo de Ampacidades
A23: Ampacidad minima A1 [A] | B23: =1.25*B12 -> 82.6875 | C23: 220-10. b) NTC 2050
A25: Ft | B25: =IF(B17="COBRE",VLOOKUP(H2,'Cap 3 NTC'!A41:D50,MATCH(B18,'Cap 3 NTC'!A4:D4,0),FALSE),VLOOKUP(H2,'Cap 3 NTC'!A41:G50,MATCH(B18,'Cap 3 NTC'!E4:G4,0)+4,FALSE)) -> 0.96 | C25: Factor por temperatura ambiente | F25: 318-11 b) Los factores de corrección de la Sección 310, Nota 8.a) de las Notas a las Tablas de capacidad de corriente de 0 a 2 000 V, no se deben aplicar a la capacidad de corriente de los cables en bandejas.
A26: Fag | B26: =IF(B19="BANDEJA PORTACABLES",1,IF(AND(B20>=1,B20<=3),1,VLOOKUP(H3,'Cap 3 NTC'!J41:K46,2,FALSE))) -> 1 | C26: Factor por agrupación de conductores | F26: Ft en bandejas es 1,0 por articulo NTC 2050 318-11. b) Capacidad de corriente de los cables de 2 000 V o menos en las bandejas portacables
A27: Ampacidad 2 [A] | B27: =B12/(B25*B26) -> 68.90625 | C27: tablas 310-16 a la 310-19 NTC 2050 | G27: REVISAR SI EN BANDEJA PORTACABLES SE CONSIDERA EL CONDUCTOR AL AIRE LIBRE Y SE ESCOGERIA LA AMPACIDAD DE LA TABLA 310-15, NO DE LA 310-16
A29: AMPACIDAD MINIMA DEL CABLE [A] | B29: =IF(B27>=B23,B27,B23) -> 82.6875
A30: CALIBRE MINIMO DEL CABLE AWG | B30: =IF(B17="COBRE",IF(OR(B18="90 ºC",B18="120 ºC"),VLOOKUP(H4,'Cap 3 NTC'!P8:U37,6,FALSE),IF(B18="75 ºC",VLOOKUP(H4,'Cap 3 NTC'!O8:U37,7,FALSE),IF(B18="60 ºC",VLOOKUP(H4,'Cap 3 NTC'!N8:U37,8,FALSE)))),IF(OR(B18="90 ºC",B18="120 ºC"),VLOOKUP(H4,'Cap 3 NTC'!S8:U37,3,FALSE),IF(B18="75 ºC",VLOOKUP(H4,'Cap 3 NTC'!R8:U37,4,FALSE),IF(B18="60 ºC",VLOOKUP(H4,'Cap 3 NTC'!Q8:U37,5,FALSE))))) -> 4
A32: CALIBRE CABLE SELECCIONADO | B32: 4 AWG | C32: Seleccione un cable con calibre mayor o igual al calibre minimo del paso anterior
A34: 3. SELECCIÓN DE PROTECCIÓN DEL CIRCUITO
A36: Corriente minima de dispositivo Iocpd [A] | B36: =1.25*B12 -> 82.6875 | C36: 210-22 c) de la NTC2050
A38: Corriente de corte de proteccion seleccionada [A] | B38: 125 | C38: Ingrese el valor de la corriente de corte del dispositivo de protección contra sobrecorrientes a instalar.
A40: =IF(B38>=B36,"OK","ERROR") -> OK | B40: =IF(A40="OK","Protección seleccionada es mayor a la corriente minima de OCPD",IF(A40="ERROR","La protección seleccionada debe ser mayor a la corriente minima de OCPD")) -> Protección seleccionada es mayor a la corriente minima de OCPD | F40: artículo 27.4.3 c) del RETIE
A43: 4. VALIDACION DE LA PROTECCIÓN CONTRA SOBRECORRIENTES
A45: Temperatura nominal de funcionamiento de los conectores [°C] | B45: 75 ºC | C45: Seleccione la temperatura nominal de los conectores de los equipos. Todos los puntos de conexión, cables y equipos en una instalación eléctrica deberán soportar 60°C si conducen 100A o menos, si conducen mas de 100A podrán soportar 75°C. Sección 110-14 C de la NTC2050 y el articulo 20.2.9 f) del retie
A47: =CONCATENATE("Ampacidad del cable seleccionado @", B45, " [A]") -> Ampacidad del cable seleccionado @75 ºC [A] | B47: =IF(B17="COBRE",IF(OR(B45="90 ºC",B45="120 ºC"),VLOOKUP(B32,'Cap 3 NTC'!M8:P37,4,FALSE),IF(B45="75 ºC",VLOOKUP(B32,'Cap 3 NTC'!M8:O37,3,FALSE),IF(B45="60 ºC",VLOOKUP(B32,'Cap 3 NTC'!M8:N37,2,FALSE)))),IF(OR(B45="90 ºC",B45="120 ºC"),VLOOKUP(B32,'Cap 3 NTC'!M8:S37,7,FALSE),IF(B45="75 ºC",VLOOKUP(B32,'Cap 3 NTC'!M8:R37,6,FALSE),IF(B45="60 ºC",VLOOKUP(B32,'Cap 3 NTC'!M8:Q37,5,FALSE))))) -> 85
A48: Sirve la proteccion seleccionada? | B48: =IF(B47>=B38,"SI","NO") -> NO | C48: Según articulo 110-14.c) de la NTC 20150 y articulo 20.2.9 f del RETIE
A50: =CONCATENATE("Ampacidad del cable seleccionado temperatura nominal @", B18, " [A]") -> Ampacidad del cable seleccionado temperatura nominal @90 ºC [A] | B50: =IF(B17="COBRE",IF(OR(B18="90 ºC",B18="120 ºC"),VLOOKUP(B32,'Cap 3 NTC'!M8:P37,4,FALSE),IF(B18="75 ºC",VLOOKUP(B32,'Cap 3 NTC'!M8:O37,3,FALSE),IF(B18="60 ºC",VLOOKUP(B32,'Cap 3 NTC'!M8:N37,2,FALSE)))),IF(OR(B18="90 ºC",B18="120 ºC"),VLOOKUP(B32,'Cap 3 NTC'!M8:S37,7,FALSE),IF(B18="75 ºC",VLOOKUP(B32,'Cap 3 NTC'!M8:R37,6,FALSE),IF(B18="60 ºC",VLOOKUP(B32,'Cap 3 NTC'!M8:Q37,5,FALSE))))) -> 95
A51: Corrección de Ampacidad X factores de temperatura [A] | B51: =B50*B26*B25 -> 91.2
A52: Sirve la proteccion seleccionada? | B52: =IF(B51>=B38,"SI","NO") -> NO
A54: =IF(AND(B52="SI",B48="SI"), "OK",IF(OR(B52="NO",B48="NO"),"ERROR")) -> ERROR | B54: =IF(AND(B52="SI",B48="SI"), "La protección contra sobrecorrientes seleccionada funciona correctamente con el cable seleccionado",IF(OR(B52="NO",B48="NO"),"Realice un nuevo cálculo del cableado a utilizar o de la protección contra sobrecorrientes a utilizar")) -> Realice un nuevo cálculo del cableado a utilizar o de la protección contra sobrecorrientes a utilizar
A57: 5. CÁLCULO DEL CABLE DE PUESTA A TIERRA
A59: Material del cable de puesta a tierra | B59: COBRE
A60: Calibre minimo del cable de tierra [AWG] | B60: =VLOOKUP(INDEX('Cap 2 NTC'!A36:A47,MATCH(B38,'Cap 2 NTC'!A36:A47,-1)),'Cap 2 NTC'!A36:C47,MATCH('INV1_TABLERO FV_N'!B59,'Cap 2 NTC'!B34:C34,0)+1,FALSE) -> 6 | C60: Articulo 250-95 de la NTC 2050 y Articulo 15 Retie
A62: Calibre de cable depuesta a tierra seleccionado | B62: 6 AWG | C62: Seleccione un cable con calibre mayor o igual al calibre minimo del paso anterior
A64: 6. DIMENSIONAMIENTO DE TUBERIAS
A66: TUBERIA 1 | E66: TUBERIA 2
A67: Tramo de análisis | B67: Inversor - Punto de conexión | E67: Tramo de análisis
A68: Área tuberia | E68: Área tuberia
A69: Tipo de tuberia | B69: EMT | E69: Tipo de tuberia | F69: EMT
A70: Diametro nominal [in] | B70: 1 1/4" | E70: Diametro nominal [in] | F70: 2"
A72: Area útil de tuberia [mm²] | B72: =PI()*(VLOOKUP(B70,Tuberia!A4:E14,MATCH('INV1_TABLERO FV_N'!B69,Tuberia!A2:E2,0),FALSE)/2)^2 -> 964.97372 | E72: Area útil de tuberia [mm²] | F72: =PI()*(VLOOKUP(F70,Tuberia!A4:E14,MATCH('INV1_TABLERO FV_N'!F69,Tuberia!A2:E2,0),FALSE)/2)^2 -> 2164.9021
A74: Área cables portadores de corriente | E74: Área cables portadores de corriente
A75: Tipo de conductor 1 | B75: Encauchetado No 3x10 AWG | C75: Describa solar, encauchetado, multiconductor | E75: Tipo de conductor 1 | G75: Describa solar, encauchetado, multiconductor
A76: Numero de conductores de tipo 1 | B76: 2 | E76: Numero de conductores de tipo 1
A77: Diametro exterior [mm] | B77: 12 | C77: Ingrese el valor que indique la ficha técnica del fabricante | E77: Diametro exterior [mm] | G77: Ingrese el valor que indique la ficha técnica del fabricante
A78: Area de los conductores tipo 1 [mm²] | B78: =(PI()*((B77)/2)^2)*B76 -> 226.19467 | E78: Area de los conductores tipo 1 [mm²] | F78: =(PI()*((F77)/2)^2)*F76 -> 0
B79: =(PI()*((B77)/2)^2) -> 113.09734
A80: Tipo de conductor 2 | C80: Describa solar, encauchetado, multiconductor | E80: Tipo de conductor 2 | G80: Describa solar, encauchetado, multiconductor
A81: Numero de conductores de tipo 2 | E81: Numero de conductores de tipo 2
A82: Diametro exterior [mm] | C82: Ingrese el valor que indique la ficha técnica del fabricante | E82: Diametro exterior [mm] | G82: Ingrese el valor que indique la ficha técnica del fabricante
A83: Area de los conductores tipo 2 [mm²] | B83: =(PI()*((B82)/2)^2)*B81 -> 0 | E83: Area de los conductores tipo 2 [mm²] | F83: =(PI()*((F82)/2)^2)*F81 -> 0
A84: Area de los cables portadores de corriente [mm²] | B84: =B83+B78 -> 226.19467 | E84: Area de los cables portadores de corriente [mm²] | F84: =F83+F78 -> 0
A86: Área cable de puesta a tierra | E86: Área cable de puesta a tierra
A87: Tipo de conductor | B87: Cable desnudo No 8 | C87: Describa solar, encauchetado, multiconductor | E87: Tipo de conductor | G87: Describa solar, encauchetado, multiconductor
A88: Numero de conductores | B88: 0 | E88: Numero de conductores
A89: Diametro exterior [mm] | B89: 3.7 | C89: Ingrese el valor que indique la ficha técnica del fabricante | E89: Diametro exterior [mm] | G89: Ingrese el valor que indique la ficha técnica del fabricante
A90: Area de los cables de puesta a tierra [mm²] | B90: =(PI()*(B89/2)^2)*B88 -> 0 | E90: Area de los cables de puesta a tierra [mm²] | F90: =(PI()*(F89/2)^2)*F88 -> 0
A92: Area total ocupada por cableado [mm²] | B92: =SUM(B84,B90) -> 226.19467 | E92: Area total ocupada por cableado [mm²] | F92: =SUM(F84,F90) -> 0
A94: % de ocupacion de tuberia | B94: =(B92/B72) -> 0.23440501 | E94: % de ocupacion de tuberia | F94: =(F92/F72) -> 0
A95: % máximo de ocupacion de tuberia | B95: =IF(SUM(B88,B76)=1,'Cap 9 NTC'!C5,IF(SUM(B88,B76)=1,'Cap 9 NTC'!D5,IF(SUM(B88,B76)>2,'Cap 9 NTC'!E5,"Error, número de conductores no puede ser negativo"))) -> Error, número de conductores no puede ser negativo | C95: Tabla 1 Capitulo 9 NTC 2050 | E95: % máximo de ocupacion de tuberia | F95: =IF(SUM(F88,F76)=1,'Cap 9 NTC'!C5,IF(SUM(B88,B76)=1,'Cap 9 NTC'!D5,IF(SUM(B88,B76)>2,'Cap 9 NTC'!E5,"Error, número de conductores no puede ser negativo"))) -> Error, número de conductores no puede ser negativo | G95: Tabla 1 Capitulo 9 NTC 2050
A97: =IF(B94<=B95,"OK",IF(B94>B95,"ERROR")) -> OK | B97: =IF(B94<=B95,"La tuberia seleccionada cumple con los porcentajes de la tabla 1 del capitulo 9 de la NTC 2050",IF(B94>B95,"La tuberia seleccionada NO cumple con los porcentajes de la tabla 1 del capitulo 9 de la NTC 2050")) -> La tuberia seleccionada cumple con los porcentajes de la tabla 1 del capitulo 9 de la NTC 2050 | E97: =IF(F94<=F95,"OK",IF(F94>F95,"ERROR")) -> OK | F97: =IF(F94<=F95,"La tuberia seleccionada cumple con los porcentajes de la tabla 1 del capitulo 9 de la NTC 2050",IF(F94>F95,"La tuberia seleccionada NO cumple con los porcentajes de la tabla 1 del capitulo 9 de la NTC 2050")) -> La tuberia seleccionada cumple con los porcentajes de la tabla 1 del capitulo 9 de la NTC 2050
A100: 7. DIMENSIONAMIENTO DE BANDEJAS PORTACABLES
A102: BANDEJA 1 | E102: BANDEJA 2
A103: Área bandeja | E103: Área bandeja
A104: Clase de bandeja | B104: Escalera - Liviana | E104: Clase de bandeja
A105: Altura total [mm] | B105: 80 | E105: Altura total [mm]
A106: Ancho [mm] | B106: 200 | E106: Ancho [mm]
A107: Paso entre peldaños [mm] | B107: 150 | C107: 20.3 j) Retie la separación entre travesaños o peldaños de la bandeja horizontal no supere 15 cm para conductores entre 2 y 8 AWG y 10 cm para conductores entre 10 y 12 AWG | E107: Paso entre peldaños [mm] | G107: 20.3 j) Retie la separación entre travesaños o peldaños de la bandeja horizontal no supere 15 cm para conductores entre 2 y 8 AWG y 10 cm para conductores entre 10 y 12 AWG
A108: Área sección transversal bandeja [mm²] | B108: =B106*B105 -> 16000 | E108: Área sección transversal bandeja [mm²] | F108: =F106*F105 -> 0
A110: Área cables portadores de corriente | E110: Área cables portadores de corriente
A111: Tipo de conductor 1 | B111: THHN/THWN No 1/0 AWG | C111: Describa solar, encauchetado, multiconductor | E111: Tipo de conductor | G111: Describa solar, encauchetado, multiconductor
A112: Numero de conductores de tipo 1 | B112: 8 | E112: Numero de conductores
A113: Diametro exterior [mm] | B113: 12.03 | C113: Ingrese el valor que indique la ficha técnica del fabricante | E113: Diametro exterior [mm] | G113: Ingrese el valor que indique la ficha técnica del fabricante
A114: Area de los conductores tipo 1 [mm²] | B114: =(PI()*((B113)/2)^2)*B112 -> 909.30823 | E114: Area de los conductores tipo 1 [mm²] | F114: =(PI()*((F113)/2)^2)*F112 -> 0
A116: Tipo de conductor 2 | C116: Describa solar, encauchetado, multiconductor | E116: Tipo de conductor | G116: Describa solar, encauchetado, multiconductor
A117: Numero de conductores de tipo 2 | E117: Numero de conductores
A118: Diametro exterior [mm] | C118: Ingrese el valor que indique la ficha técnica del fabricante | E118: Diametro exterior [mm] | G118: Ingrese el valor que indique la ficha técnica del fabricante
A119: Area de los conductores tipo 2 [mm²] | B119: =(PI()*((B118)/2)^2)*B117 -> 0 | E119: Area de los conductores tipo 2 [mm²] | F119: =(PI()*((F118)/2)^2)*F117 -> 0
A120: Area de los cables portadores de corriente [mm²] | B120: =B119+B114 -> 909.30823 | E120: Area de los cables portadores de corriente [mm²] | F120: =F119+F114 -> 0
A122: Área cable de tierra | E122: Área cable de tierra
A123: Tipo de conductor | B123: THHN/THWN No 6 AWG | C123: Describa solar, encauchetado, multiconductor | E123: Tipo de conductor | G123: Describa solar, encauchetado, multiconductor
A124: Numero de conductores | B124: 2 | E124: Numero de conductores
A125: Diametro exterior [mm] | B125: 6.39 | C125: Ingrese el valor que indique la ficha técnica del fabricante | E125: Diametro exterior [mm] | G125: Ingrese el valor que indique la ficha técnica del fabricante
A126: Area de los cables de tierra [mm²] | B126: =(PI()*(B125/2)^2)*B124 -> 64.138913 | E126: Area de los cables de tierra [mm²] | F126: =(PI()*(F125/2)^2)*F124 -> 0
A128: Diametro total de cables [mm] | B128: =SUM(B125*B124,B112*B113,B118*B117) -> 109.02 | C128: Solo para bandejas ventiladas | E128: Diametro total de cables [mm] | F128: =SUM(F125*F124,F112*F113,F118*F117) -> 0 | G128: Solo para bandejas ventiladas
A129: Diametro maximo permitido [mm] | B129: =B106 -> 200 | C129: 318-10 b) de NTC 2050 ocupacion de bandejas portacables. Cuando una bandeja portacables de canal ventilado de 76 mm, 102 mm o 152 mm de ancho contenga cables de conductor sencillo, la suma de los diámetros de todos los conductores no debe superar la anchura interior del canal. | E129: Diametro maximo permitido [mm] | F129: =F106 -> 0 | G129: 318-10 b) de NTC 2050 ocupacion de bandejas portacables. Cuando una bandeja portacables de canal ventilado de 76 mm, 102 mm o 152 mm de ancho contenga cables de conductor sencillo, la suma de los diámetros de todos los conductores no debe superar la anchura interior del canal.
A131: Area total ocupada por cableado [mm²] | B131: =SUM(B120,B126) -> 973.44715 | E131: Area total ocupada por cableado [mm²] | F131: =SUM(F120,F126) -> 0
A133: % de ocupacion de la bandeja | B133: =B131/B108 -> 0.060840447 | E133: % de ocupacion de la bandeja | F133: =F131/F108 -> #DIV/0!
A134: % máximo de ocupacion de bandeja | B134: 0.4 | C134: 20.3 i) Retie No se debe superar el 40% del volumen de llenado de la bandeja para cables de potencia y control | E134: % máximo de ocupacion de bandeja | F134: 0.4 | G134: 20.3 i) Retie No se debe superar el 40% del volumen de llenado de la bandeja para cables de potencia y control
A136: =IF(AND(B133<=B134,B128<=B129),"OK",IF(OR(B133>B134,B128>B129),"ERROR")) -> OK | B136: =IF(AND(B133<=B134,B128<=B129),"La bandeja seleccionada cumple con el articulo 318-10 b) de la NTC 2050 y el articulo 20.3 i) del RETIE",IF(B133>B134,"El porcentaje de ocupacion del area transversal de la bandeja es mayor al 40%",IF(B128>B129,"la bandeja "))) -> La bandeja seleccionada cumple con el articulo 318-10 b) de la NTC 2050 y el articulo 20.3 i) del RETIE | E136: =IF(AND(F133<=F134,F128<=F129),"OK",IF(OR(F133>F134,F128>F129),"ERROR")) -> #DIV/0! | F136: =IF(AND(F133<=F134,F128<=F129),"La bandeja seleccionada cumple con el articulo 318-10 b) de la NTC 2050 y el articulo 20.3 i) del RETIE",IF(F133>F134,"El porcentaje de ocupacion del area transversal de la bandeja es mayor al 40%",IF(F128>F129,"la bandeja "))) -> #DIV/0!
A139: 8. CÁLCULO DE PÉRDIDAS
A141: CIRCUITO 1 | E141: CIRCUITO 2
A142: Nombre del circuito | B142: Inversor - tablero | E142: Nombre del circuito
A143: Distancia máxima entre inversor y tablero [m] | B143: 160 | E143: Distancia máxima entre inversor y tablero [m]
...

Sheet INV2_TABLERO FV
A1: Información de los inversores | H1: Casillas de control
A2: Parametro | B2: Valor | H2: =IF(AND(B16>=21,B16<=25),"21-25",IF(AND(B16>=26,B16<=30),"26-30",IF(AND(B16>=31,B16<=35),"31-35",IF(AND(B16>=36,B16<=40),"36-40",IF(AND(B16>=41,B16<=45),"41-45",IF(AND(B16>=46,B16<=50),"46-50",IF(AND(B16>=51,B16<=55),"51-55",IF(AND(B16>=56,B16<=60),"56-60",IF(AND(B16>=61,B16<=70),"61-70",IF(AND(B16>=71,B16<=80),"71-80","ERROR")))))))))) -> 31-35
A3: Fabricante | B3: Growatt | H3: =IF(AND(B20>=1,B20<=3),1,IF(AND(B20>=4,B20<=6),"De 4 a 6",IF(AND(B20>=7,B20<=9),"De 7 a 9",IF(AND(B20>=10,B20<=20),"De 10 a 20",IF(AND(B20>=21,B20<=30),"De 21 a 30",IF(AND(B20>=31,B20<=40),"De 31 a 40",IF(B20>=41,"De 41 y más","ERROR"))))))) -> 1
A4: Referencia | B4: MAC 30KTL3-XL | H4: =IF(B17="COBRE",IF(OR(B18="90 ºC",B18="120 ºC"),INDEX('Cap 3 NTC'!P8:P37,MATCH(B29,'Cap 3 NTC'!P8:P37,-1)),IF(B18="75 ºC",INDEX('Cap 3 NTC'!O8:O37,MATCH(B29,'Cap 3 NTC'!O8:O37,-1)),INDEX('Cap 3 NTC'!N8:N37,MATCH(B29,'Cap 3 NTC'!N8:N37,-1)))),IF(OR(B18="90 ºC",B18="120 ºC"),INDEX('Cap 3 NTC'!S8:S37,MATCH(B29,'Cap 3 NTC'!S8:S37,-1)),IF(B18="75 ºC",INDEX('Cap 3 NTC'!R8:R37,MATCH(B29,'Cap 3 NTC'!R8:R37,-1)),INDEX('Cap 3 NTC'!Q8:Q37,MATCH(B29,'Cap 3 NTC'!Q8:Q37,-1))))) -> 110
A5: Potencia nominal [kW] | B5: 30
A6: Voltaje de salida [V AC] | B6: 208
A7: Corriente máxima de salida [A] | B7: 87.4
A8: Número de fases | B8: 3
A10: 1. CORRIENTE MÁXIMA DEL CIRCUITO
A12: Imax [A] | B12: =B7 -> 87.4
A14: 2. CÁLCULO DEL CALIBRE DEL CABLEADO
A16: Temperatura ambiente [°C] | B16: 32 | C16: Ingrese la temperatura maxima promedio del lugar de instalación
A17: Material del conductor a dimensionar | B17: COBRE
A18: Temperatura nominal del conductor [°C] | B18: 90 ºC
A19: Tipo de soporte de cables para el cálculo | B19: BANDEJA PORTACABLES | C19: Por la Excepción del articulo 310.15 c). Cuando se obtengan dos capacidades de corriente distintas para partes seguidas de un circuito, se permite utilizar la mayor más allá del punto de transición, a la menor de las siguientes distanclas : 3,0 m o el 10 % de la longitud del circuito que da la capacidad de corriente mayor.
A20: Número de conductores portadores de corriente por la tubería | B20: 3 | C20: La salida del inversor es trifásica
A22: Calculo de Ampacidades
A23: Ampacidad minima A1 [A] | B23: =1.25*B12 -> 109.25 | C23: 220-10. b) NTC 2050
A25: Ft | B25: =IF(B17="COBRE",VLOOKUP(H2,'Cap 3 NTC'!A41:D50,MATCH(B18,'Cap 3 NTC'!A4:D4,0),FALSE),VLOOKUP(H2,'Cap 3 NTC'!A41:G50,MATCH(B18,'Cap 3 NTC'!E4:G4,0)+4,FALSE)) -> 0.96 | C25: Factor por temperatura ambiente | F25: 318-11 b) Los factores de corrección de la Sección 310, Nota 8.a) de las Notas a las Tablas de capacidad de corriente de 0 a 2 000 V, no se deben aplicar a la capacidad de corriente de los cables en bandejas.
A26: Fag | B26: =IF(B19="BANDEJA PORTACABLES",1,IF(AND(B20>=1,B20<=3),1,VLOOKUP(H3,'Cap 3 NTC'!J41:K46,2,FALSE))) -> 1 | C26: Factor por agrupación de conductores | F26: Ft en bandejas es 1,0 por articulo NTC 2050 318-11. b) Capacidad de corriente de los cables de 2 000 V o menos en las bandejas portacables
A27: Ampacidad 2 [A] | B27: =B12/(B25*B26) -> 91.041667 | C27: tablas 310-16 a la 310-19 NTC 2050 | G27: REVISAR SI EN BANDEJA PORTACABLES SE CONSIDERA EL CONDUCTOR AL AIRE LIBRE Y SE ESCOGERIA LA AMPACIDAD DE LA TABLA 310-15, NO DE LA 310-16
A29: AMPACIDAD MINIMA DEL CABLE [A] | B29: =IF(B27>=B23,B27,B23) -> 109.25
A30: CALIBRE MINIMO DEL CABLE AWG | B30: =IF(B17="COBRE",IF(OR(B18="90 ºC",B18="120 ºC"),VLOOKUP(H4,'Cap 3 NTC'!P8:U37,6,FALSE),IF(B18="75 ºC",VLOOKUP(H4,'Cap 3 NTC'!O8:U37,7,FALSE),IF(B18="60 ºC",VLOOKUP(H4,'Cap 3 NTC'!N8:U37,8,FALSE)))),IF(OR(B18="90 ºC",B18="120 ºC"),VLOOKUP(H4,'Cap 3 NTC'!S8:U37,3,FALSE),IF(B18="75 ºC",VLOOKUP(H4,'Cap 3 NTC'!R8:U37,4,FALSE),IF(B18="60 ºC",VLOOKUP(H4,'Cap 3 NTC'!Q8:U37,5,FALSE))))) -> 3
A32: CALIBRE CABLE SELECCIONADO | B32: 2 AWG | C32: Seleccione un cable con calibre mayor o igual al calibre minimo del paso anterior
A34: 3. SELECCIÓN DE PROTECCIÓN DEL CIRCUITO
A36: Corriente minima de dispositivo Iocpd [A] | B36: =1.25*B12 -> 109.25 | C36: 210-22 c) de la NTC2050
A38: Corriente de corte de proteccion seleccionada [A] | B38: 100 | C38: Ingrese el valor de la corriente de corte del dispositivo de protección contra sobrecorrientes a instalar.
A40: =IF(B38>=B36,"OK","ERROR") -> ERROR | B40: =IF(A40="OK","Protección seleccionada es mayor a la corriente minima de OCPD",IF(A40="ERROR","La protección seleccionada debe ser mayor a la corriente minima de OCPD")) -> La protección seleccionada debe ser mayor a la corriente minima de OCPD | F40: artículo 27.4.3 c) del RETIE
A43: 4. VALIDACION DE LA PROTECCIÓN CONTRA SOBRECORRIENTES
A45: Temperatura nominal de funcionamiento de los conectores [°C] | B45: 75 ºC | C45: Seleccione la temperatura nominal de los conectores de los equipos. Todos los puntos de conexión, cables y equipos en una instalación eléctrica deberán soportar 60°C si conducen 100A o menos, si conducen mas de 100A podrán soportar 75°C. Sección 110-14 C de la NTC2050 y el articulo 20.2.9 f) del retie
A47: =CONCATENATE("Ampacidad del cable seleccionado @", B45, " [A]") -> Ampacidad del cable seleccionado @75 ºC [A] | B47: =IF(B17="COBRE",IF(OR(B45="90 ºC",B45="120 ºC"),VLOOKUP(B32,'Cap 3 NTC'!M8:P37,4,FALSE),IF(B45="75 ºC",VLOOKUP(B32,'Cap 3 NTC'!M8:O37,3,FALSE),IF(B45="60 ºC",VLOOKUP(B32,'Cap 3 NTC'!M8:N37,2,FALSE)))),IF(OR(B45="90 ºC",B45="120 ºC"),VLOOKUP(B32,'Cap 3 NTC'!M8:S37,7,FALSE),IF(B45="75 ºC",VLOOKUP(B32,'Cap 3 NTC'!M8:R37,6,FALSE),IF(B45="60 ºC",VLOOKUP(B32,'Cap 3 NTC'!M8:Q37,5,FALSE))))) -> 115
A48: Sirve la proteccion seleccionada? | B48: =IF(B47>=B38,"SI","NO") -> SI | C48: Según articulo 110-14.c) de la NTC 20150 y articulo 20.2.9 f del RETIE
A50: =CONCATENATE("Ampacidad del cable seleccionado temperatura nominal @", B18, " [A]") -> Ampacidad del cable seleccionado temperatura nominal @90 ºC [A] | B50: =IF(B17="COBRE",IF(OR(B18="90 ºC",B18="120 ºC"),VLOOKUP(B32,'Cap 3 NTC'!M8:P37,4,FALSE),IF(B18="75 ºC",VLOOKUP(B32,'Cap 3 NTC'!M8:O37,3,FALSE),IF(B18="60 ºC",VLOOKUP(B32,'Cap 3 NTC'!M8:N37,2,FALSE)))),IF(OR(B18="90 ºC",B18="120 ºC"),VLOOKUP(B32,'Cap 3 NTC'!M8:S37,7,FALSE),IF(B18="75 ºC",VLOOKUP(B32,'Cap 3 NTC'!M8:R37,6,FALSE),IF(B18="60 ºC",VLOOKUP(B32,'Cap 3 NTC'!M8:Q37,5,FALSE))))) -> 130 | D50: =260*60% -> 156
A51: Corrección de Ampacidad X factores de temperatura [A] | B51: =B50*B26*B25 -> 124.8
A52: Sirve la proteccion seleccionada? | B52: =IF(B51>=B38,"SI","NO") -> SI
A54: =IF(AND(B52="SI",B48="SI"), "OK",IF(OR(B52="NO",B48="NO"),"ERROR")) -> OK | B54: =IF(AND(B52="SI",B48="SI"), "La protección contra sobrecorrientes seleccionada funciona correctamente con el cable seleccionado",IF(OR(B52="NO",B48="NO"),"Realice un nuevo cálculo del cableado a utilizar o de la protección contra sobrecorrientes a utilizar")) -> La protección contra sobrecorrientes seleccionada funciona correctamente con el cable seleccionado
A57: 5. CÁLCULO DEL CABLE DE PUESTA A TIERRA
A59: Material del cable de puesta a tierra | B59: COBRE
A60: Calibre minimo del cable de tierra [AWG] | B60: =VLOOKUP(INDEX('Cap 2 NTC'!A36:A47,MATCH(B38,'Cap 2 NTC'!A36:A47,-1)),'Cap 2 NTC'!A36:C47,MATCH('INV2_TABLERO FV'!B59,'Cap 2 NTC'!B34:C34,0)+1,FALSE) -> 8 | C60: Articulo 250-95 de la NTC 2050 y Articulo 15 Retie
A62: Calibre de cable depuesta a tierra seleccionado | B62: 8 AWG | C62: Seleccione un cable con calibre mayor o igual al calibre minimo del paso anterior
A64: 6. DIMENSIONAMIENTO DE TUBERIAS
A66: TUBERIA 1 | E66: TUBERIA 2
A67: Tramo de análisis | B67: Inversor - Punto de conexión | E67: Tramo de análisis
A68: Área tuberia | E68: Área tuberia
A69: Tipo de tuberia | B69: EMT | E69: Tipo de tuberia
A70: Diametro nominal [in] | B70: 2 1/2" | E70: Diametro nominal [in]
A72: Area útil de tuberia [mm²] | B72: =PI()*(VLOOKUP(B70,Tuberia!A4:E14,MATCH('INV2_TABLERO FV'!B69,Tuberia!A2:E2,0),FALSE)/2)^2 -> 3779.2073 | E72: Area útil de tuberia [mm²] | F72: =PI()*(VLOOKUP(F70,Tuberia!A4:E14,MATCH('INV2_TABLERO FV'!F69,Tuberia!A2:E2,0),FALSE)/2)^2 -> #N/A
A74: Área cables portadores de corriente | E74: Área cables portadores de corriente
A75: Tipo de conductor 1 | B75: THHN/THWN No 1/0 AWG | C75: Describa solar, encauchetado, multiconductor | E75: Tipo de conductor 1 | G75: Describa solar, encauchetado, multiconductor
A76: Numero de conductores de tipo 1 | B76: 8 | E76: Numero de conductores de tipo 1
A77: Diametro exterior [mm] | B77: 12.03 | C77: Ingrese el valor que indique la ficha técnica del fabricante | E77: Diametro exterior [mm] | G77: Ingrese el valor que indique la ficha técnica del fabricante
A78: Area de los conductores tipo 1 [mm²] | B78: =(PI()*((B77)/2)^2)*B76 -> 909.30823 | E78: Area de los conductores tipo 1 [mm²] | F78: =(PI()*((F77)/2)^2)*F76 -> 0
B79: =(PI()*((B77)/2)^2) -> 113.66353
A80: Tipo de conductor 2 | C80: Describa solar, encauchetado, multiconductor | E80: Tipo de conductor 2 | G80: Describa solar, encauchetado, multiconductor
A81: Numero de conductores de tipo 2 | E81: Numero de conductores de tipo 2
A82: Diametro exterior [mm] | C82: Ingrese el valor que indique la ficha técnica del fabricante | E82: Diametro exterior [mm] | G82: Ingrese el valor que indique la ficha técnica del fabricante
A83: Area de los conductores tipo 2 [mm²] | B83: =(PI()*((B82)/2)^2)*B81 -> 0 | E83: Area de los conductores tipo 2 [mm²] | F83: =(PI()*((F82)/2)^2)*F81 -> 0
A84: Area de los cables portadores de corriente [mm²] | B84: =B83+B78 -> 909.30823 | E84: Area de los cables portadores de corriente [mm²] | F84: =F83+F78 -> 0
A86: Área cable de puesta a tierra | E86: Área cable de puesta a tierra
A87: Tipo de conductor | B87: THHN/THWN No 6 AWG | C87: Describa solar, encauchetado, multiconductor | E87: Tipo de conductor | G87: Describa solar, encauchetado, multiconductor
A88: Numero de conductores | B88: 2 | E88: Numero de conductores
A89: Diametro exterior [mm] | B89: 6.39 | C89: Ingrese el valor que indique la ficha técnica del fabricante | E89: Diametro exterior [mm] | G89: Ingrese el valor que indique la ficha técnica del fabricante
A90: Area de los cables de puesta a tierra [mm²] | B90: =(PI()*(B89/2)^2)*B88 -> 64.138913 | E90: Area de los cables de puesta a tierra [mm²] | F90: =(PI()*(F89/2)^2)*F88 -> 0
A92: Area total ocupada por cableado [mm²] | B92: =SUM(B84,B90) -> 973.44715 | E92: Area total ocupada por cableado [mm²] | F92: =SUM(F84,F90) -> 0
A94: % de ocupacion de tuberia | B94: =(B92/B72) -> 0.25757972 | E94: % de ocupacion de tuberia | F94: =(F92/F72) -> #N/A
A95: % máximo de ocupacion de tuberia | B95: =IF(SUM(B88,B76)=1,'Cap 9 NTC'!C5,IF(SUM(B88,B76)=1,'Cap 9 NTC'!D5,IF(SUM(B88,B76)>2,'Cap 9 NTC'!E5,"Error, número de conductores no puede ser negativo"))) -> 0.4 | C95: Tabla 1 Capitulo 9 NTC 2050 | E95: % máximo de ocupacion de tuberia | F95: =IF(SUM(F88,F76)=1,'Cap 9 NTC'!C5,IF(SUM(B88,B76)=1,'Cap 9 NTC'!D5,IF(SUM(B88,B76)>2,'Cap 9 NTC'!E5,"Error, número de conductores no puede ser negativo"))) -> 0.4 | G95: Tabla 1 Capitulo 9 NTC 2050
A97: =IF(B94<=B95,"OK",IF(B94>B95,"ERROR")) -> OK | B97: =IF(B94<=B95,"La tuberia seleccionada cumple con los porcentajes de la tabla 1 del capitulo 9 de la NTC 2050",IF(B94>B95,"La tuberia seleccionada NO cumple con los porcentajes de la tabla 1 del capitulo 9 de la NTC 2050")) -> La tuberia seleccionada cumple con los porcentajes de la tabla 1 del capitulo 9 de la NTC 2050 | E97: =IF(F94<=F95,"OK",IF(F94>F95,"ERROR")) -> #N/A | F97: =IF(F94<=F95,"La tuberia seleccionada cumple con los porcentajes de la tabla 1 del capitulo 9 de la NTC 2050",IF(F94>F95,"La tuberia seleccionada NO cumple con los porcentajes de la tabla 1 del capitulo 9 de la NTC 2050")) -> #N/A
A100: 7. DIMENSIONAMIENTO DE BANDEJAS PORTACABLES
A102: BANDEJA 1 | E102: BANDEJA 2
A103: Área bandeja | E103: Área bandeja
A104: Clase de bandeja | B104: Escalera - Liviana | E104: Clase de bandeja
A105: Altura total [mm] | B105: 80 | E105: Altura total [mm]
A106: Ancho [mm] | B106: 200 | E106: Ancho [mm]
A107: Paso entre peldaños [mm] | B107: 150 | C107: 20.3 j) Retie la separación entre travesaños o peldaños de la bandeja horizontal no supere 15 cm para conductores entre 2 y 8 AWG y 10 cm para conductores entre 10 y 12 AWG | E107: Paso entre peldaños [mm] | G107: 20.3 j) Retie la separación entre travesaños o peldaños de la bandeja horizontal no supere 15 cm para conductores entre 2 y 8 AWG y 10 cm para conductores entre 10 y 12 AWG
A108: Área sección transversal bandeja [mm²] | B108: =B106*B105 -> 16000 | E108: Área sección transversal bandeja [mm²] | F108: =F106*F105 -> 0
A110: Área cables portadores de corriente | E110: Área cables portadores de corriente
A111: Tipo de conductor 1 | B111: THHN/THWN No 1/0 AWG | C111: Describa solar, encauchetado, multiconductor | E111: Tipo de conductor | G111: Describa solar, encauchetado, multiconductor
A112: Numero de conductores de tipo 1 | B112: 8 | E112: Numero de conductores
A113: Diametro exterior [mm] | B113: 12.03 | C113: Ingrese el valor que indique la ficha técnica del fabricante | E113: Diametro exterior [mm] | G113: Ingrese el valor que indique la ficha técnica del fabricante
A114: Area de los conductores tipo 1 [mm²] | B114: =(PI()*((B113)/2)^2)*B112 -> 909.30823 | E114: Area de los conductores tipo 1 [mm²] | F114: =(PI()*((F113)/2)^2)*F112 -> 0
A116: Tipo de conductor 2 | C116: Describa solar, encauchetado, multiconductor | E116: Tipo de conductor | G116: Describa solar, encauchetado, multiconductor
A117: Numero de conductores de tipo 2 | E117: Numero de conductores
A118: Diametro exterior [mm] | C118: Ingrese el valor que indique la ficha técnica del fabricante | E118: Diametro exterior [mm] | G118: Ingrese el valor que indique la ficha técnica del fabricante
A119: Area de los conductores tipo 2 [mm²] | B119: =(PI()*((B118)/2)^2)*B117 -> 0 | E119: Area de los conductores tipo 2 [mm²] | F119: =(PI()*((F118)/2)^2)*F117 -> 0
A120: Area de los cables portadores de corriente [mm²] | B120: =B119+B114 -> 909.30823 | E120: Area de los cables portadores de corriente [mm²] | F120: =F119+F114 -> 0
A122: Área cable de tierra | E122: Área cable de tierra
A123: Tipo de conductor | B123: THHN/THWN No 6 AWG | C123: Describa solar, encauchetado, multiconductor | E123: Tipo de conductor | G123: Describa solar, encauchetado, multiconductor
A124: Numero de conductores | B124: 2 | E124: Numero de conductores
A125: Diametro exterior [mm] | B125: 6.39 | C125: Ingrese el valor que indique la ficha técnica del fabricante | E125: Diametro exterior [mm] | G125: Ingrese el valor que indique la ficha técnica del fabricante
A126: Area de los cables de tierra [mm²] | B126: =(PI()*(B125/2)^2)*B124 -> 64.138913 | E126: Area de los cables de tierra [mm²] | F126: =(PI()*(F125/2)^2)*F124 -> 0
A128: Diametro total de cables [mm] | B128: =SUM(B125*B124,B112*B113,B118*B117) -> 109.02 | C128: Solo para bandejas ventiladas | E128: Diametro total de cables [mm] | F128: =SUM(F125*F124,F112*F113,F118*F117) -> 0 | G128: Solo para bandejas ventiladas
A129: Diametro maximo permitido [mm] | B129: =B106 -> 200 | C129: 318-10 b) de NTC 2050 ocupacion de bandejas portacables. Cuando una bandeja portacables de canal ventilado de 76 mm, 102 mm o 152 mm de ancho contenga cables de conductor sencillo, la suma de los diámetros de todos los conductores no debe superar la anchura interior del canal. | E129: Diametro maximo permitido [mm] | F129: =F106 -> 0 | G129: 318-10 b) de NTC 2050 ocupacion de bandejas portacables. Cuando una bandeja portacables de canal ventilado de 76 mm, 102 mm o 152 mm de ancho contenga cables de conductor sencillo, la suma de los diámetros de todos los conductores no debe superar la anchura interior del canal.
A131: Area total ocupada por cableado [mm²] | B131: =SUM(B120,B126) -> 973.44715 | E131: Area total ocupada por cableado [mm²] | F131: =SUM(F120,F126) -> 0
A133: % de ocupacion de la bandeja | B133: =B131/B108 -> 0.060840447 | E133: % de ocupacion de la bandeja | F133: =F131/F108 -> #DIV/0!
A134: % máximo de ocupacion de bandeja | B134: 0.4 | C134: 20.3 i) Retie No se debe superar el 40% del volumen de llenado de la bandeja para cables de potencia y control | E134: % máximo de ocupacion de bandeja | F134: 0.4 | G134: 20.3 i) Retie No se debe superar el 40% del volumen de llenado de la bandeja para cables de potencia y control
A136: =IF(AND(B133<=B134,B128<=B129),"OK",IF(OR(B133>B134,B128>B129),"ERROR")) -> OK | B136: =IF(AND(B133<=B134,B128<=B129),"La bandeja seleccionada cumple con el articulo 318-10 b) de la NTC 2050 y el articulo 20.3 i) del RETIE",IF(B133>B134,"El porcentaje de ocupacion del area transversal de la bandeja es mayor al 40%",IF(B128>B129,"la bandeja "))) -> La bandeja seleccionada cumple con el articulo 318-10 b) de la NTC 2050 y el articulo 20.3 i) del RETIE | E136: =IF(AND(F133<=F134,F128<=F129),"OK",IF(OR(F133>F134,F128>F129),"ERROR")) -> #DIV/0! | F136: =IF(AND(F133<=F134,F128<=F129),"La bandeja seleccionada cumple con el articulo 318-10 b) de la NTC 2050 y el articulo 20.3 i) del RETIE",IF(F133>F134,"El porcentaje de ocupacion del area transversal de la bandeja es mayor al 40%",IF(F128>F129,"la bandeja "))) -> #DIV/0!
A139: 8. CÁLCULO DE PÉRDIDAS
A141: CIRCUITO 1 | E141: CIRCUITO 2
A142: Nombre del circuito | B142: Inversor - tablero | E142: Nombre del circuito
A143: Distancia máxima entre inversor y tablero [m] | B143: 5 | E143: Distancia máxima entre inversor y tablero [m]
...

Sheet INV2_TABLERO FV_N
A1: Información de los inversores | H1: Casillas de control
A2: Parametro | B2: Valor | H2: =IF(AND(B16>=21,B16<=25),"21-25",IF(AND(B16>=26,B16<=30),"26-30",IF(AND(B16>=31,B16<=35),"31-35",IF(AND(B16>=36,B16<=40),"36-40",IF(AND(B16>=41,B16<=45),"41-45",IF(AND(B16>=46,B16<=50),"46-50",IF(AND(B16>=51,B16<=55),"51-55",IF(AND(B16>=56,B16<=60),"56-60",IF(AND(B16>=61,B16<=70),"61-70",IF(AND(B16>=71,B16<=80),"71-80","ERROR")))))))))) -> 31-35
A3: Fabricante | B3: Growatt | H3: =IF(AND(B20>=1,B20<=3),1,IF(AND(B20>=4,B20<=6),"De 4 a 6",IF(AND(B20>=7,B20<=9),"De 7 a 9",IF(AND(B20>=10,B20<=20),"De 10 a 20",IF(AND(B20>=21,B20<=30),"De 21 a 30",IF(AND(B20>=31,B20<=40),"De 31 a 40",IF(B20>=41,"De 41 y más","ERROR"))))))) -> 1
A4: Referencia | B4: MAC 30KTL3-XL | H4: =IF(B17="COBRE",IF(OR(B18="90 ºC",B18="120 ºC"),INDEX('Cap 3 NTC'!P8:P37,MATCH(B29,'Cap 3 NTC'!P8:P37,-1)),IF(B18="75 ºC",INDEX('Cap 3 NTC'!O8:O37,MATCH(B29,'Cap 3 NTC'!O8:O37,-1)),INDEX('Cap 3 NTC'!N8:N37,MATCH(B29,'Cap 3 NTC'!N8:N37,-1)))),IF(OR(B18="90 ºC",B18="120 ºC"),INDEX('Cap 3 NTC'!S8:S37,MATCH(B29,'Cap 3 NTC'!S8:S37,-1)),IF(B18="75 ºC",INDEX('Cap 3 NTC'!R8:R37,MATCH(B29,'Cap 3 NTC'!R8:R37,-1)),INDEX('Cap 3 NTC'!Q8:Q37,MATCH(B29,'Cap 3 NTC'!Q8:Q37,-1))))) -> 95
A5: Potencia nominal [kW] | B5: 30
A6: Voltaje de salida [V AC] | B6: 208
A7: Corriente máxima de salida [A] | B7: 87.4
A8: Número de fases | B8: 3
A10: 1. CORRIENTE MÁXIMA DEL CIRCUITO
A12: Imax [A] | B12: =B7*70% -> 61.18
A14: 2. CÁLCULO DEL CALIBRE DEL CABLEADO
A16: Temperatura ambiente [°C] | B16: 32 | C16: Ingrese la temperatura maxima promedio del lugar de instalación
A17: Material del conductor a dimensionar | B17: COBRE
A18: Temperatura nominal del conductor [°C] | B18: 90 ºC
A19: Tipo de soporte de cables para el cálculo | B19: BANDEJA PORTACABLES | C19: Por la Excepción del articulo 310.15 c). Cuando se obtengan dos capacidades de corriente distintas para partes seguidas de un circuito, se permite utilizar la mayor más allá del punto de transición, a la menor de las siguientes distanclas : 3,0 m o el 10 % de la longitud del circuito que da la capacidad de corriente mayor.
A20: Número de conductores portadores de corriente por la tubería | B20: 3 | C20: La salida del inversor es trifásica
A22: Calculo de Ampacidades
A23: Ampacidad minima A1 [A] | B23: =1.25*B12 -> 76.475 | C23: 220-10. b) NTC 2050
A25: Ft | B25: =IF(B17="COBRE",VLOOKUP(H2,'Cap 3 NTC'!A41:D50,MATCH(B18,'Cap 3 NTC'!A4:D4,0),FALSE),VLOOKUP(H2,'Cap 3 NTC'!A41:G50,MATCH(B18,'Cap 3 NTC'!E4:G4,0)+4,FALSE)) -> 0.96 | C25: Factor por temperatura ambiente | F25: 318-11 b) Los factores de corrección de la Sección 310, Nota 8.a) de las Notas a las Tablas de capacidad de corriente de 0 a 2 000 V, no se deben aplicar a la capacidad de corriente de los cables en bandejas.
A26: Fag | B26: =IF(B19="BANDEJA PORTACABLES",1,IF(AND(B20>=1,B20<=3),1,VLOOKUP(H3,'Cap 3 NTC'!J41:K46,2,FALSE))) -> 1 | C26: Factor por agrupación de conductores | F26: Ft en bandejas es 1,0 por articulo NTC 2050 318-11. b) Capacidad de corriente de los cables de 2 000 V o menos en las bandejas portacables
A27: Ampacidad 2 [A] | B27: =B12/(B25*B26) -> 63.729167 | C27: tablas 310-16 a la 310-19 NTC 2050 | G27: REVISAR SI EN BANDEJA PORTACABLES SE CONSIDERA EL CONDUCTOR AL AIRE LIBRE Y SE ESCOGERIA LA AMPACIDAD DE LA TABLA 310-15, NO DE LA 310-16
A29: AMPACIDAD MINIMA DEL CABLE [A] | B29: =IF(B27>=B23,B27,B23) -> 76.475
A30: CALIBRE MINIMO DEL CABLE AWG | B30: =IF(B17="COBRE",IF(OR(B18="90 ºC",B18="120 ºC"),VLOOKUP(H4,'Cap 3 NTC'!P8:U37,6,FALSE),IF(B18="75 ºC",VLOOKUP(H4,'Cap 3 NTC'!O8:U37,7,FALSE),IF(B18="60 ºC",VLOOKUP(H4,'Cap 3 NTC'!N8:U37,8,FALSE)))),IF(OR(B18="90 ºC",B18="120 ºC"),VLOOKUP(H4,'Cap 3 NTC'!S8:U37,3,FALSE),IF(B18="75 ºC",VLOOKUP(H4,'Cap 3 NTC'!R8:U37,4,FALSE),IF(B18="60 ºC",VLOOKUP(H4,'Cap 3 NTC'!Q8:U37,5,FALSE))))) -> 4
A32: CALIBRE CABLE SELECCIONADO | B32: 4 AWG | C32: Seleccione un cable con calibre mayor o igual al calibre minimo del paso anterior
A34: 3. SELECCIÓN DE PROTECCIÓN DEL CIRCUITO
A36: Corriente minima de dispositivo Iocpd [A] | B36: =1.25*B12 -> 76.475 | C36: 210-22 c) de la NTC2050
A38: Corriente de corte de proteccion seleccionada [A] | B38: 100 | C38: Ingrese el valor de la corriente de corte del dispositivo de protección contra sobrecorrientes a instalar.
A40: =IF(B38>=B36,"OK","ERROR") -> OK | B40: =IF(A40="OK","Protección seleccionada es mayor a la corriente minima de OCPD",IF(A40="ERROR","La protección seleccionada debe ser mayor a la corriente minima de OCPD")) -> Protección seleccionada es mayor a la corriente minima de OCPD | F40: artículo 27.4.3 c) del RETIE
A43: 4. VALIDACION DE LA PROTECCIÓN CONTRA SOBRECORRIENTES
A45: Temperatura nominal de funcionamiento de los conectores [°C] | B45: 75 ºC | C45: Seleccione la temperatura nominal de los conectores de los equipos. Todos los puntos de conexión, cables y equipos en una instalación eléctrica deberán soportar 60°C si conducen 100A o menos, si conducen mas de 100A podrán soportar 75°C. Sección 110-14 C de la NTC2050 y el articulo 20.2.9 f) del retie
A47: =CONCATENATE("Ampacidad del cable seleccionado @", B45, " [A]") -> Ampacidad del cable seleccionado @75 ºC [A] | B47: =IF(B17="COBRE",IF(OR(B45="90 ºC",B45="120 ºC"),VLOOKUP(B32,'Cap 3 NTC'!M8:P37,4,FALSE),IF(B45="75 ºC",VLOOKUP(B32,'Cap 3 NTC'!M8:O37,3,FALSE),IF(B45="60 ºC",VLOOKUP(B32,'Cap 3 NTC'!M8:N37,2,FALSE)))),IF(OR(B45="90 ºC",B45="120 ºC"),VLOOKUP(B32,'Cap 3 NTC'!M8:S37,7,FALSE),IF(B45="75 ºC",VLOOKUP(B32,'Cap 3 NTC'!M8:R37,6,FALSE),IF(B45="60 ºC",VLOOKUP(B32,'Cap 3 NTC'!M8:Q37,5,FALSE))))) -> 85
A48: Sirve la proteccion seleccionada? | B48: =IF(B47>=B38,"SI","NO") -> NO | C48: Según articulo 110-14.c) de la NTC 20150 y articulo 20.2.9 f del RETIE
A50: =CONCATENATE("Ampacidad del cable seleccionado temperatura nominal @", B18, " [A]") -> Ampacidad del cable seleccionado temperatura nominal @90 ºC [A] | B50: =IF(B17="COBRE",IF(OR(B18="90 ºC",B18="120 ºC"),VLOOKUP(B32,'Cap 3 NTC'!M8:P37,4,FALSE),IF(B18="75 ºC",VLOOKUP(B32,'Cap 3 NTC'!M8:O37,3,FALSE),IF(B18="60 ºC",VLOOKUP(B32,'Cap 3 NTC'!M8:N37,2,FALSE)))),IF(OR(B18="90 ºC",B18="120 ºC"),VLOOKUP(B32,'Cap 3 NTC'!M8:S37,7,FALSE),IF(B18="75 ºC",VLOOKUP(B32,'Cap 3 NTC'!M8:R37,6,FALSE),IF(B18="60 ºC",VLOOKUP(B32,'Cap 3 NTC'!M8:Q37,5,FALSE))))) -> 95 | D50: =260*60% -> 156
A51: Corrección de Ampacidad X factores de temperatura [A] | B51: =B50*B26*B25 -> 91.2
A52: Sirve la proteccion seleccionada? | B52: =IF(B51>=B38,"SI","NO") -> NO
A54: =IF(AND(B52="SI",B48="SI"), "OK",IF(OR(B52="NO",B48="NO"),"ERROR")) -> ERROR | B54: =IF(AND(B52="SI",B48="SI"), "La protección contra sobrecorrientes seleccionada funciona correctamente con el cable seleccionado",IF(OR(B52="NO",B48="NO"),"Realice un nuevo cálculo del cableado a utilizar o de la protección contra sobrecorrientes a utilizar")) -> Realice un nuevo cálculo del cableado a utilizar o de la protección contra sobrecorrientes a utilizar
A57: 5. CÁLCULO DEL CABLE DE PUESTA A TIERRA
A59: Material del cable de puesta a tierra | B59: COBRE
A60: Calibre minimo del cable de tierra [AWG] | B60: =VLOOKUP(INDEX('Cap 2 NTC'!A36:A47,MATCH(B38,'Cap 2 NTC'!A36:A47,-1)),'Cap 2 NTC'!A36:C47,MATCH('INV2_TABLERO FV_N'!B59,'Cap 2 NTC'!B34:C34,0)+1,FALSE) -> 8 | C60: Articulo 250-95 de la NTC 2050 y Articulo 15 Retie
A62: Calibre de cable depuesta a tierra seleccionado | B62: 8 AWG | C62: Seleccione un cable con calibre mayor o igual al calibre minimo del paso anterior
A64: 6. DIMENSIONAMIENTO DE TUBERIAS
A66: TUBERIA 1 | E66: TUBERIA 2
A67: Tramo de análisis | B67: Inversor - Punto de conexión | E67: Tramo de análisis
A68: Área tuberia | E68: Área tuberia
A69: Tipo de tuberia | B69: EMT | E69: Tipo de tuberia
A70: Diametro nominal [in] | B70: 2 1/2" | E70: Diametro nominal [in]
A72: Area útil de tuberia [mm²] | B72: =PI()*(VLOOKUP(B70,Tuberia!A4:E14,MATCH('INV2_TABLERO FV_N'!B69,Tuberia!A2:E2,0),FALSE)/2)^2 -> 3779.2073 | E72: Area útil de tuberia [mm²] | F72: =PI()*(VLOOKUP(F70,Tuberia!A4:E14,MATCH('INV2_TABLERO FV_N'!F69,Tuberia!A2:E2,0),FALSE)/2)^2 -> #N/A
A74: Área cables portadores de corriente | E74: Área cables portadores de corriente
A75: Tipo de conductor 1 | B75: THHN/THWN No 1/0 AWG | C75: Describa solar, encauchetado, multiconductor | E75: Tipo de conductor 1 | G75: Describa solar, encauchetado, multiconductor
A76: Numero de conductores de tipo 1 | B76: 8 | E76: Numero de conductores de tipo 1
A77: Diametro exterior [mm] | B77: 12.03 | C77: Ingrese el valor que indique la ficha técnica del fabricante | E77: Diametro exterior [mm] | G77: Ingrese el valor que indique la ficha técnica del fabricante
A78: Area de los conductores tipo 1 [mm²] | B78: =(PI()*((B77)/2)^2)*B76 -> 909.30823 | E78: Area de los conductores tipo 1 [mm²] | F78: =(PI()*((F77)/2)^2)*F76 -> 0
B79: =(PI()*((B77)/2)^2) -> 113.66353
A80: Tipo de conductor 2 | C80: Describa solar, encauchetado, multiconductor | E80: Tipo de conductor 2 | G80: Describa solar, encauchetado, multiconductor
A81: Numero de conductores de tipo 2 | E81: Numero de conductores de tipo 2
A82: Diametro exterior [mm] | C82: Ingrese el valor que indique la ficha técnica del fabricante | E82: Diametro exterior [mm] | G82: Ingrese el valor que indique la ficha técnica del fabricante
A83: Area de los conductores tipo 2 [mm²] | B83: =(PI()*((B82)/2)^2)*B81 -> 0 | E83: Area de los conductores tipo 2 [mm²] | F83: =(PI()*((F82)/2)^2)*F81 -> 0
A84: Area de los cables portadores de corriente [mm²] | B84: =B83+B78 -> 909.30823 | E84: Area de los cables portadores de corriente [mm²] | F84: =F83+F78 -> 0
A86: Área cable de puesta a tierra | E86: Área cable de puesta a tierra
A87: Tipo de conductor | B87: THHN/THWN No 6 AWG | C87: Describa solar, encauchetado, multiconductor | E87: Tipo de conductor | G87: Describa solar, encauchetado, multiconductor
A88: Numero de conductores | B88: 2 | E88: Numero de conductores
A89: Diametro exterior [mm] | B89: 6.39 | C89: Ingrese el valor que indique la ficha técnica del fabricante | E89: Diametro exterior [mm] | G89: Ingrese el valor que indique la ficha técnica del fabricante
A90: Area de los cables de puesta a tierra [mm²] | B90: =(PI()*(B89/2)^2)*B88 -> 64.138913 | E90: Area de los cables de puesta a tierra [mm²] | F90: =(PI()*(F89/2)^2)*F88 -> 0
A92: Area total ocupada por cableado [mm²] | B92: =SUM(B84,B90) -> 973.44715 | E92: Area total ocupada por cableado [mm²] | F92: =SUM(F84,F90) -> 0
A94: % de ocupacion de tuberia | B94: =(B92/B72) -> 0.25757972 | E94: % de ocupacion de tuberia | F94: =(F92/F72) -> #N/A
A95: % máximo de ocupacion de tuberia | B95: =IF(SUM(B88,B76)=1,'Cap 9 NTC'!C5,IF(SUM(B88,B76)=1,'Cap 9 NTC'!D5,IF(SUM(B88,B76)>2,'Cap 9 NTC'!E5,"Error, número de conductores no puede ser negativo"))) -> 0.4 | C95: Tabla 1 Capitulo 9 NTC 2050 | E95: % máximo de ocupacion de tuberia | F95: =IF(SUM(F88,F76)=1,'Cap 9 NTC'!C5,IF(SUM(B88,B76)=1,'Cap 9 NTC'!D5,IF(SUM(B88,B76)>2,'Cap 9 NTC'!E5,"Error, número de conductores no puede ser negativo"))) -> 0.4 | G95: Tabla 1 Capitulo 9 NTC 2050
A97: =IF(B94<=B95,"OK",IF(B94>B95,"ERROR")) -> OK | B97: =IF(B94<=B95,"La tuberia seleccionada cumple con los porcentajes de la tabla 1 del capitulo 9 de la NTC 2050",IF(B94>B95,"La tuberia seleccionada NO cumple con los porcentajes de la tabla 1 del capitulo 9 de la NTC 2050")) -> La tuberia seleccionada cumple con los porcentajes de la tabla 1 del capitulo 9 de la NTC 2050 | E97: =IF(F94<=F95,"OK",IF(F94>F95,"ERROR")) -> #N/A | F97: =IF(F94<=F95,"La tuberia seleccionada cumple con los porcentajes de la tabla 1 del capitulo 9 de la NTC 2050",IF(F94>F95,"La tuberia seleccionada NO cumple con los porcentajes de la tabla 1 del capitulo 9 de la NTC 2050")) -> #N/A
A100: 7. DIMENSIONAMIENTO DE BANDEJAS PORTACABLES
A102: BANDEJA 1 | E102: BANDEJA 2
A103: Área bandeja | E103: Área bandeja
A104: Clase de bandeja | B104: Escalera - Liviana | E104: Clase de bandeja
A105: Altura total [mm] | B105: 80 | E105: Altura total [mm]
A106: Ancho [mm] | B106: 200 | E106: Ancho [mm]
A107: Paso entre peldaños [mm] | B107: 150 | C107: 20.3 j) Retie la separación entre travesaños o peldaños de la bandeja horizontal no supere 15 cm para conductores entre 2 y 8 AWG y 10 cm para conductores entre 10 y 12 AWG | E107: Paso entre peldaños [mm] | G107: 20.3 j) Retie la separación entre travesaños o peldaños de la bandeja horizontal no supere 15 cm para conductores entre 2 y 8 AWG y 10 cm para conductores entre 10 y 12 AWG
A108: Área sección transversal bandeja [mm²] | B108: =B106*B105 -> 16000 | E108: Área sección transversal bandeja [mm²] | F108: =F106*F105 -> 0
A110: Área cables portadores de corriente | E110: Área cables portadores de corriente
A111: Tipo de conductor 1 | B111: THHN/THWN No 1/0 AWG | C111: Describa solar, encauchetado, multiconductor | E111: Tipo de conductor | G111: Describa solar, encauchetado, multiconductor
A112: Numero de conductores de tipo 1 | B112: 8 | E112: Numero de conductores
A113: Diametro exterior [mm] | B113: 12.03 | C113: Ingrese el valor que indique la ficha técnica del fabricante | E113: Diametro exterior [mm] | G113: Ingrese el valor que indique la ficha técnica del fabricante
A114: Area de los conductores tipo 1 [mm²] | B114: =(PI()*((B113)/2)^2)*B112 -> 909.30823 | E114: Area de los conductores tipo 1 [mm²] | F114: =(PI()*((F113)/2)^2)*F112 -> 0
A116: Tipo de conductor 2 | C116: Describa solar, encauchetado, multiconductor | E116: Tipo de conductor | G116: Describa solar, encauchetado, multiconductor
A117: Numero de conductores de tipo 2 | E117: Numero de conductores
A118: Diametro exterior [mm] | C118: Ingrese el valor que indique la ficha técnica del fabricante | E118: Diametro exterior [mm] | G118: Ingrese el valor que indique la ficha técnica del fabricante
A119: Area de los conductores tipo 2 [mm²] | B119: =(PI()*((B118)/2)^2)*B117 -> 0 | E119: Area de los conductores tipo 2 [mm²] | F119: =(PI()*((F118)/2)^2)*F117 -> 0
A120: Area de los cables portadores de corriente [mm²] | B120: =B119+B114 -> 909.30823 | E120: Area de los cables portadores de corriente [mm²] | F120: =F119+F114 -> 0
A122: Área cable de tierra | E122: Área cable de tierra
A123: Tipo de conductor | B123: THHN/THWN No 6 AWG | C123: Describa solar, encauchetado, multiconductor | E123: Tipo de conductor | G123: Describa solar, encauchetado, multiconductor
A124: Numero de conductores | B124: 2 | E124: Numero de conductores
A125: Diametro exterior [mm] | B125: 6.39 | C125: Ingrese el valor que indique la ficha técnica del fabricante | E125: Diametro exterior [mm] | G125: Ingrese el valor que indique la ficha técnica del fabricante
A126: Area de los cables de tierra [mm²] | B126: =(PI()*(B125/2)^2)*B124 -> 64.138913 | E126: Area de los cables de tierra [mm²] | F126: =(PI()*(F125/2)^2)*F124 -> 0
A128: Diametro total de cables [mm] | B128: =SUM(B125*B124,B112*B113,B118*B117) -> 109.02 | C128: Solo para bandejas ventiladas | E128: Diametro total de cables [mm] | F128: =SUM(F125*F124,F112*F113,F118*F117) -> 0 | G128: Solo para bandejas ventiladas
A129: Diametro maximo permitido [mm] | B129: =B106 -> 200 | C129: 318-10 b) de NTC 2050 ocupacion de bandejas portacables. Cuando una bandeja portacables de canal ventilado de 76 mm, 102 mm o 152 mm de ancho contenga cables de conductor sencillo, la suma de los diámetros de todos los conductores no debe superar la anchura interior del canal. | E129: Diametro maximo permitido [mm] | F129: =F106 -> 0 | G129: 318-10 b) de NTC 2050 ocupacion de bandejas portacables. Cuando una bandeja portacables de canal ventilado de 76 mm, 102 mm o 152 mm de ancho contenga cables de conductor sencillo, la suma de los diámetros de todos los conductores no debe superar la anchura interior del canal.
A131: Area total ocupada por cableado [mm²] | B131: =SUM(B120,B126) -> 973.44715 | E131: Area total ocupada por cableado [mm²] | F131: =SUM(F120,F126) -> 0
A133: % de ocupacion de la bandeja | B133: =B131/B108 -> 0.060840447 | E133: % de ocupacion de la bandeja | F133: =F131/F108 -> #DIV/0!
A134: % máximo de ocupacion de bandeja | B134: 0.4 | C134: 20.3 i) Retie No se debe superar el 40% del volumen de llenado de la bandeja para cables de potencia y control | E134: % máximo de ocupacion de bandeja | F134: 0.4 | G134: 20.3 i) Retie No se debe superar el 40% del volumen de llenado de la bandeja para cables de potencia y control
A136: =IF(AND(B133<=B134,B128<=B129),"OK",IF(OR(B133>B134,B128>B129),"ERROR")) -> OK | B136: =IF(AND(B133<=B134,B128<=B129),"La bandeja seleccionada cumple con el articulo 318-10 b) de la NTC 2050 y el articulo 20.3 i) del RETIE",IF(B133>B134,"El porcentaje de ocupacion del area transversal de la bandeja es mayor al 40%",IF(B128>B129,"la bandeja "))) -> La bandeja seleccionada cumple con el articulo 318-10 b) de la NTC 2050 y el articulo 20.3 i) del RETIE | E136: =IF(AND(F133<=F134,F128<=F129),"OK",IF(OR(F133>F134,F128>F129),"ERROR")) -> #DIV/0! | F136: =IF(AND(F133<=F134,F128<=F129),"La bandeja seleccionada cumple con el articulo 318-10 b) de la NTC 2050 y el articulo 20.3 i) del RETIE",IF(F133>F134,"El porcentaje de ocupacion del area transversal de la bandeja es mayor al 40%",IF(F128>F129,"la bandeja "))) -> #DIV/0!
A139: 8. CÁLCULO DE PÉRDIDAS
A141: CIRCUITO 1 | E141: CIRCUITO 2
A142: Nombre del circuito | B142: Inversor - tablero | E142: Nombre del circuito
A143: Distancia máxima entre inversor y tablero [m] | B143: 5 | E143: Distancia máxima entre inversor y tablero [m]
...

Sheet TABLERO FV_INTX
A1: Información de los inversores 1 | E1: Información de los inversores 2 | H1: Casillas de control
A2: Parametro | B2: Valor | E2: Parametro | F2: Valor | H2: =IF(AND(B17>=21,B17<=25),"21-25",IF(AND(B17>=26,B17<=30),"26-30",IF(AND(B17>=31,B17<=35),"31-35",IF(AND(B17>=36,B17<=40),"36-40",IF(AND(B17>=41,B17<=45),"41-45",IF(AND(B17>=46,B17<=50),"46-50",IF(AND(B17>=51,B17<=55),"51-55",IF(AND(B17>=56,B17<=60),"56-60",IF(AND(B17>=61,B17<=70),"61-70",IF(AND(B17>=71,B17<=80),"71-80","ERROR")))))))))) -> 21-25
A3: Fabricante | B3: ='INV1_TABLERO FV'!B3 -> Growatt | E3: Fabricante | H3: =IF(AND(B21>=1,B21<=3),1,IF(AND(B21>=4,B21<=6),"De 4 a 6",IF(AND(B21>=7,B21<=9),"De 7 a 9",IF(AND(B21>=10,B21<=20),"De 10 a 20",IF(AND(B21>=21,B21<=30),"De 21 a 30",IF(AND(B21>=31,B21<=40),"De 31 a 40",IF(B21>=41,"De 41 y más","ERROR"))))))) -> 1
A4: Referencia | B4: ='INV1_TABLERO FV'!B4 -> MIN10000 TL-X2 | E4: Referencia | H4: =IF(B18="COBRE",IF(OR(B19="90 ºC",B19="120 ºC"),INDEX('Cap 3 NTC'!P8:P37,MATCH(B30,'Cap 3 NTC'!P8:P37,-1)),IF(B19="75 ºC",INDEX('Cap 3 NTC'!O8:O37,MATCH(B30,'Cap 3 NTC'!O8:O37,-1)),INDEX('Cap 3 NTC'!N8:N37,MATCH(B30,'Cap 3 NTC'!N8:N37,-1)))),IF(OR(B19="90 ºC",B19="120 ºC"),INDEX('Cap 3 NTC'!S8:S37,MATCH(B30,'Cap 3 NTC'!S8:S37,-1)),IF(B19="75 ºC",INDEX('Cap 3 NTC'!R8:R37,MATCH(B30,'Cap 3 NTC'!R8:R37,-1)),INDEX('Cap 3 NTC'!Q8:Q37,MATCH(B30,'Cap 3 NTC'!Q8:Q37,-1))))) -> 55
A5: Potencia nominal [kW] | B5: ='INV1_TABLERO FV'!B5 -> 10 | E5: Potencia nominal [kW]
A6: Voltaje de salida [V AC] | B6: ='INV1_TABLERO FV'!B6 -> 220 | E6: Voltaje de salida [V AC]
A7: Corriente máxima de salida [A] | B7: ='INV1_TABLERO FV'!B7 -> 45.5 | E7: Corriente máxima de salida [A]
A8: Número de fases | B8: ='INV1_TABLERO FV'!B8 -> 2 | E8: Número de fases
A9: Número de inversores | B9: 1 | E9: Número de inversores
A11: 1. CORRIENTE MÁXIMA DEL CIRCUITO
A13: Imax [A] | B13: =B9*B7+F9*F7 -> 45.5
A15: 2. CÁLCULO DEL CALIBRE DEL CABLEADO
A17: Temperatura ambiente [°C] | B17: 24 | C17: Ingrese la temperatura maxima promedio del lugar de instalación
A18: Material del conductor a dimensionar | B18: COBRE
A19: Temperatura nominal del conductor [°C] | B19: 90 ºC
A20: Tipo de soporte de cables para el cálculo | B20: TUBERIA | C20: Por la Excepción del articulo 310.15 c). Cuando se obtengan dos capacidades de corriente distintas para partes seguidas de un circuito, se permite utilizar la mayor más allá del punto de transición, a la menor de las siguientes distanclas : 3,0 m o el 10 % de la longitud del circuito que da la capacidad de corriente mayor.
A21: Número de conductores portadores de corriente por la tubería | B21: 2 | C21: La salida del inversor es trifásico
A23: Calculo de Ampacidades
A24: Ampacidad minima A1 [A] | B24: =B13 -> 45.5 | C24: 220-10. b) NTC 2050
A26: Ft | B26: =IF(B18="COBRE",VLOOKUP(H2,'Cap 3 NTC'!A41:D50,MATCH(B19,'Cap 3 NTC'!A4:D4,0),FALSE),VLOOKUP(H2,'Cap 3 NTC'!A41:G50,MATCH(B19,'Cap 3 NTC'!E4:G4,0)+4,FALSE)) -> 1.04 | C26: Factor por temperatura ambiente | F26: 318-11 b) Los factores de corrección de la Sección 310, Nota 8.a) de las Notas a las Tablas de capacidad de corriente de 0 a 2 000 V, no se deben aplicar a la capacidad de corriente de los cables en bandejas.
A27: Fag | B27: =IF(B20="BANDEJA PORTACABLES",1,IF(AND(B21>=1,B21<=3),1,VLOOKUP(H3,'Cap 3 NTC'!J41:K46,2,FALSE))) -> 1 | C27: Factor por agrupación de conductores | F27: Ft en bandejas es 1,0 por articulo NTC 2050 318-11. b) Capacidad de corriente de los cables de 2 000 V o menos en las bandejas portacables
A28: Ampacidad 2 [A] | B28: =B13/(B26*B27) -> 43.75 | C28: tablas 310-16 a la 310-19 NTC 2050 | G28: REVISAR SI EN BANDEJA PORTACABLES SE CONSIDERA EL CONDUCTOR AL AIRE LIBRE Y SE ESCOGERIA LA AMPACIDAD DE LA TABLA 310-15, NO DE LA 310-16
A30: AMPACIDAD MINIMA DEL CABLE [A] | B30: =IF(B28>=B24,B28,B24) -> 45.5
A31: CALIBRE MINIMO DEL CABLE AWG | B31: =IF(B18="COBRE",IF(OR(B19="90 ºC",B19="120 ºC"),VLOOKUP(H4,'Cap 3 NTC'!P8:U37,6,FALSE),IF(B19="75 ºC",VLOOKUP(H4,'Cap 3 NTC'!O8:U37,7,FALSE),IF(B19="60 ºC",VLOOKUP(H4,'Cap 3 NTC'!N8:U37,8,FALSE)))),IF(OR(B19="90 ºC",B19="120 ºC"),VLOOKUP(H4,'Cap 3 NTC'!S8:U37,3,FALSE),IF(B19="75 ºC",VLOOKUP(H4,'Cap 3 NTC'!R8:U37,4,FALSE),IF(B19="60 ºC",VLOOKUP(H4,'Cap 3 NTC'!Q8:U37,5,FALSE))))) -> 8
A33: CALIBRE CABLE SELECCIONADO | B33: 6 AWG | C33: Seleccione un cable con calibre mayor o igual al calibre minimo del paso anterior
A35: 3. SELECCIÓN DE PROTECCIÓN DEL CIRCUITO
A37: Corriente minima de dispositivo Iocpd [A] | B37: =B13 -> 45.5 | C37: 210-22 c) de la NTC2050
A39: Corriente de corte de proteccion seleccionada [A] | B39: 50 | C39: Ingrese el valor de la corriente de corte del dispositivo de protección contra sobrecorrientes a instalar.
A41: =IF(B39>=B37,"OK","ERROR") -> OK | B41: =IF(A41="OK","Protección seleccionada es mayor a la corriente minima de OCPD",IF(A41="ERROR","La protección seleccionada debe ser mayor a la corriente minima de OCPD")) -> Protección seleccionada es mayor a la corriente minima de OCPD | F41: artículo 27.4.3 c) del RETIE
A44: 4. VALIDACION DE LA PROTECCIÓN CONTRA SOBRECORRIENTES
A46: Temperatura nominal de funcionamiento de los conectores [°C] | B46: 60 ºC | C46: Seleccione la temperatura nominal de los conectores de los equipos. Todos los puntos de conexión, cables y equipos en una instalación eléctrica deberán soportar 60°C si conducen 100A o menos, si conducen mas de 100A podrán soportar 75°C. Sección 110-14 C de la NTC2050 y el articulo 20.2.9 f) del retie
A48: =CONCATENATE("Ampacidad del cable seleccionado @", B46, " [A]") -> Ampacidad del cable seleccionado @60 ºC [A] | B48: =IF(B18="COBRE",IF(OR(B46="90 ºC",B46="120 ºC"),VLOOKUP(B33,'Cap 3 NTC'!M8:P37,4,FALSE),IF(B46="75 ºC",VLOOKUP(B33,'Cap 3 NTC'!M8:O37,3,FALSE),IF(B46="60 ºC",VLOOKUP(B33,'Cap 3 NTC'!M8:N37,2,FALSE)))),IF(OR(B46="90 ºC",B46="120 ºC"),VLOOKUP(B33,'Cap 3 NTC'!M8:S37,7,FALSE),IF(B46="75 ºC",VLOOKUP(B33,'Cap 3 NTC'!M8:R37,6,FALSE),IF(B46="60 ºC",VLOOKUP(B33,'Cap 3 NTC'!M8:Q37,5,FALSE))))) -> 55
A49: Sirve la proteccion seleccionada? | B49: =IF(B48>=B39,"SI","NO") -> SI | C49: Según articulo 110-14.c) de la NTC 20150 y articulo 20.2.9 f del RETIE
A51: =CONCATENATE("Ampacidad del cable seleccionado temperatura nominal @", B19, " [A]") -> Ampacidad del cable seleccionado temperatura nominal @90 ºC [A] | B51: =IF(B18="COBRE",IF(OR(B19="90 ºC",B19="120 ºC"),VLOOKUP(B33,'Cap 3 NTC'!M8:P37,4,FALSE),IF(B19="75 ºC",VLOOKUP(B33,'Cap 3 NTC'!M8:O37,3,FALSE),IF(B19="60 ºC",VLOOKUP(B33,'Cap 3 NTC'!M8:N37,2,FALSE)))),IF(OR(B19="90 ºC",B19="120 ºC"),VLOOKUP(B33,'Cap 3 NTC'!M8:S37,7,FALSE),IF(B19="75 ºC",VLOOKUP(B33,'Cap 3 NTC'!M8:R37,6,FALSE),IF(B19="60 ºC",VLOOKUP(B33,'Cap 3 NTC'!M8:Q37,5,FALSE))))) -> 75
A52: Corrección de Ampacidad X factores de temperatura [A] | B52: =B51*B27*B26 -> 78
A53: Sirve la proteccion seleccionada? | B53: =IF(B52>=B39,"SI","NO") -> SI
A55: =IF(AND(B53="SI",B49="SI"), "OK",IF(OR(B53="NO",B49="NO"),"ERROR")) -> OK | B55: =IF(AND(B53="SI",B49="SI"), "La protección contra sobrecorrientes seleccionada funciona correctamente con el cable seleccionado",IF(OR(B53="NO",B49="NO"),"Realice un nuevo cálculo del cableado a utilizar o de la protección contra sobrecorrientes a utilizar")) -> La protección contra sobrecorrientes seleccionada funciona correctamente con el cable seleccionado
A58: 5. CÁLCULO DEL CABLE DE PUESTA A TIERRA
A60: Material del cable de puesta a tierra | B60: COBRE
A61: Calibre minimo del cable de tierra [AWG] | B61: =VLOOKUP(INDEX('Cap 2 NTC'!A36:A47,MATCH(B39,'Cap 2 NTC'!A36:A47,-1)),'Cap 2 NTC'!A36:C47,MATCH('TABLERO FV_INTX'!B60,'Cap 2 NTC'!B34:C34,0)+1,FALSE) -> 10 | C61: Articulo 250-95 de la NTC 2050 y Articulo 15 Retie
A63: Calibre de cable depuesta a tierra seleccionado | B63: 10 AWG | C63: Seleccione un cable con calibre mayor o igual al calibre minimo del paso anterior
A65: 6. DIMENSIONAMIENTO DE TUBERIAS
A67: TUBERIA 1 | E67: TUBERIA 2
A68: Tramo de análisis | B68: Tablero FV - Trafo | E68: Tramo de análisis
A69: Área tuberia | E69: Área tuberia
A70: Tipo de tuberia | B70: EMT | E70: Tipo de tuberia
A71: Diametro nominal [in] | B71: 3/4" | E71: Diametro nominal [in]
A73: Area útil de tuberia [mm²] | B73: =PI()*(VLOOKUP(B71,Tuberia!A4:E14,MATCH('TABLERO FV_INTX'!B70,Tuberia!A2:E2,0),FALSE)/2)^2 -> 344.04222 | E73: Area útil de tuberia [mm²] | F73: =PI()*(VLOOKUP(F71,Tuberia!A4:E14,MATCH('TABLERO FV_INTX'!F70,Tuberia!A2:E2,0),FALSE)/2)^2 -> #N/A
A75: Área cables portadores de corriente | E75: Área cables portadores de corriente
A76: Tipo de conductor 1 | B76: THHN/THWN-2 CT PROCABLES No.6 | C76: Describa solar, encauchetado, multiconductor | E76: Tipo de conductor 1 | G76: Describa solar, encauchetado, multiconductor
A77: Numero de conductores de tipo 1 | B77: 2 | E77: Numero de conductores de tipo 1
A78: Diametro exterior [mm] | B78: 4.66 | C78: Ingrese el valor que indique la ficha técnica del fabricante | E78: Diametro exterior [mm] | G78: Ingrese el valor que indique la ficha técnica del fabricante
A80: Tipo de conductor 2 | C80: Describa solar, encauchetado, multiconductor | E80: Tipo de conductor 2 | G80: Describa solar, encauchetado, multiconductor
A81: Numero de conductores de tipo 2 | E81: Numero de conductores de tipo 2
A82: Diametro exterior [mm] | C82: Ingrese el valor que indique la ficha técnica del fabricante | E82: Diametro exterior [mm] | G82: Ingrese el valor que indique la ficha técnica del fabricante
A83: Area de los cables portadores de corriente [mm²] | B83: =(PI()*((B82)/2)^2)*B81+(PI()*((B78)/2)^2)*B77 -> 34.110785 | E83: Area de los cables portadores de corriente [mm²] | F83: =(PI()*((F82)/2)^2)*F81+(PI()*((F78)/2)^2)*F77 -> 0
A85: Área cable de puesta a tierra | E85: Área cable de puesta a tierra
A86: Tipo de conductor | B86: Cable desnudo PROCABLES No 10 | C86: Describa solar, encauchetado, multiconductor | E86: Tipo de conductor | G86: Describa solar, encauchetado, multiconductor
A87: Numero de conductores | B87: 1 | E87: Numero de conductores
A88: Diametro exterior [mm] | B88: 2.93 | C88: Ingrese el valor que indique la ficha técnica del fabricante | E88: Diametro exterior [mm] | G88: Ingrese el valor que indique la ficha técnica del fabricante
A89: Area de los cables de puesta a tierra [mm²] | B89: =(PI()*(B88/2)^2)*B87 -> 6.7425647 | E89: Area de los cables de puesta a tierra [mm²] | F89: =(PI()*(F88/2)^2)*F87 -> 0
A91: Area total ocupada por cableado [mm²] | B91: =SUM(B83,B89) -> 40.853349 | E91: Area total ocupada por cableado [mm²] | F91: =SUM(F83,F89) -> 0
A93: % de ocupacion de tuberia | B93: =(B91/B73) -> 0.11874516 | E93: % de ocupacion de tuberia | F93: =(F91/F73) -> #N/A
A94: % máximo de ocupacion de tuberia | B94: =IF(SUM(B87,B77)=1,'Cap 9 NTC'!C5,IF(SUM(B87,B77)=1,'Cap 9 NTC'!D5,IF(SUM(B87,B77)>2,'Cap 9 NTC'!E5,"Error, número de conductores no puede ser negativo"))) -> 0.4 | C94: Tabla 1 Capitulo 9 NTC 2050 | E94: % máximo de ocupacion de tuberia | F94: =IF(SUM(F87,F77)=1,'Cap 9 NTC'!C5,IF(SUM(B87,B77)=1,'Cap 9 NTC'!D5,IF(SUM(B87,B77)>2,'Cap 9 NTC'!E5,"Error, número de conductores no puede ser negativo"))) -> 0.4 | G94: Tabla 1 Capitulo 9 NTC 2050
A96: =IF(B93<=B94,"OK",IF(B93>B94,"ERROR")) -> OK | B96: =IF(B93<=B94,"La tuberia seleccionada cumple con los porcentajes de la tabla 1 del capitulo 9 de la NTC 2050",IF(B93>B94,"La tuberia seleccionada NO cumple con los porcentajes de la tabla 1 del capitulo 9 de la NTC 2050")) -> La tuberia seleccionada cumple con los porcentajes de la tabla 1 del capitulo 9 de la NTC 2050 | E96: =IF(F93<=F94,"OK",IF(F93>F94,"ERROR")) -> #N/A | F96: =IF(F93<=F94,"La tuberia seleccionada cumple con los porcentajes de la tabla 1 del capitulo 9 de la NTC 2050",IF(F93>F94,"La tuberia seleccionada NO cumple con los porcentajes de la tabla 1 del capitulo 9 de la NTC 2050")) -> #N/A
A99: 7. DIMENSIONAMIENTO DE BANDEJAS PORTACABLES
A101: BANDEJA 1 | E101: BANDEJA 2
A102: Área bandeja | E102: Área bandeja
A103: Clase de bandeja | B103: Tipo Escalera | E103: Clase de bandeja
A104: Altura total [mm] | B104: 80 | E104: Altura total [mm]
A105: Ancho [mm] | B105: 200 | E105: Ancho [mm]
A106: Paso entre peldaños [mm] | B106: 100 | C106: 20.3 j) Retie la separación entre travesaños o peldaños de la bandeja horizontal no supere 15 cm para conductores entre 2 y 8 AWG y 10 cm para conductores entre 10 y 12 AWG | E106: Paso entre peldaños [mm] | G106: 20.3 j) Retie la separación entre travesaños o peldaños de la bandeja horizontal no supere 15 cm para conductores entre 2 y 8 AWG y 10 cm para conductores entre 10 y 12 AWG
A107: Área sección transversal bandeja [mm²] | B107: =B105*B104 -> 16000 | E107: Área sección transversal bandeja [mm²] | F107: =F105*F104 -> 0
A109: Área cables portadores de corriente | E109: Área cables portadores de corriente
A110: Tipo de conductor 1 | B110: THHN/THWN No 1/0 AWG | C110: Describa solar, encauchetado, multiconductor | E110: Tipo de conductor | G110: Describa solar, encauchetado, multiconductor
A111: Numero de conductores de tipo 1 | B111: 8 | E111: Numero de conductores
A112: Diametro exterior [mm] | B112: 12.03 | C112: Ingrese el valor que indique la ficha técnica del fabricante | E112: Diametro exterior [mm] | G112: Ingrese el valor que indique la ficha técnica del fabricante
A113: Area de los conductores tipo 1 [mm²] | B113: =(PI()*((B112)/2)^2)*B111 -> 909.30823 | E113: Area de los conductores tipo 1 [mm²] | F113: =(PI()*((F112)/2)^2)*F111 -> 0
A115: Tipo de conductor 2 | C115: Describa solar, encauchetado, multiconductor | E115: Tipo de conductor | G115: Describa solar, encauchetado, multiconductor
A116: Numero de conductores de tipo 2 | E116: Numero de conductores
A117: Diametro exterior [mm] | C117: Ingrese el valor que indique la ficha técnica del fabricante | E117: Diametro exterior [mm] | G117: Ingrese el valor que indique la ficha técnica del fabricante
A118: Area de los conductores tipo 2 [mm²] | B118: =(PI()*((B117)/2)^2)*B116 -> 0 | E118: Area de los conductores tipo 2 [mm²] | F118: =(PI()*((F117)/2)^2)*F116 -> 0
A119: Area de los cables portadores de corriente [mm²] | B119: =B118+B113 -> 909.30823 | E119: Area de los cables portadores de corriente [mm²] | F119: =F118+F113 -> 0
A121: Área cable de tierra | E121: Área cable de tierra
A122: Tipo de conductor | B122: THHN/THWN No 4 AWG | C122: Describa solar, encauchetado, multiconductor | E122: Tipo de conductor | G122: Describa solar, encauchetado, multiconductor
A123: Numero de conductores | B123: 1 | E123: Numero de conductores
A124: Diametro exterior [mm] | B124: 8.13 | C124: Ingrese el valor que indique la ficha técnica del fabricante | E124: Diametro exterior [mm] | G124: Ingrese el valor que indique la ficha técnica del fabricante
A125: Area de los cables de tierra [mm²] | B125: =(PI()*(B124/2)^2)*B123 -> 51.912384 | E125: Area de los cables de tierra [mm²] | F125: =(PI()*(F124/2)^2)*F123 -> 0
A127: Diametro total de cables [mm] | B127: =SUM(B124*B123,B111*B112,B117*B116) -> 104.37 | C127: Solo para bandejas ventiladas | E127: Diametro total de cables [mm] | F127: =SUM(F124*F123,F111*F112,F117*F116) -> 0 | G127: Solo para bandejas ventiladas
A128: Diametro maximo permitido [mm] | B128: =B105 -> 200 | C128: 318-10 b) de NTC 2050 ocupacion de bandejas portacables. Cuando una bandeja portacables de canal ventilado de 76 mm, 102 mm o 152 mm de ancho contenga cables de conductor sencillo, la suma de los diámetros de todos los conductores no debe superar la anchura interior del canal. | E128: Diametro maximo permitido [mm] | F128: =F105 -> 0 | G128: 318-10 b) de NTC 2050 ocupacion de bandejas portacables. Cuando una bandeja portacables de canal ventilado de 76 mm, 102 mm o 152 mm de ancho contenga cables de conductor sencillo, la suma de los diámetros de todos los conductores no debe superar la anchura interior del canal.
A130: Area total ocupada por cableado [mm²] | B130: =SUM(B119,B125) -> 961.22062 | E130: Area total ocupada por cableado [mm²] | F130: =SUM(F119,F125) -> 0
A132: % de ocupacion de la bandeja | B132: =B130/B107 -> 0.060076289 | E132: % de ocupacion de la bandeja | F132: =F130/F107 -> #DIV/0!
A133: % máximo de ocupacion de bandeja | B133: 0.4 | C133: 20.3 i) Retie No se debe superar el 40% del volumen de llenado de la bandeja para cables de potencia y control | E133: % máximo de ocupacion de bandeja | F133: 0.4 | G133: 20.3 i) Retie No se debe superar el 40% del volumen de llenado de la bandeja para cables de potencia y control
A135: =IF(AND(B132<=B133,B127<=B128),"OK",IF(OR(B132>B133,B127>B128),"ERROR")) -> OK | B135: =IF(AND(B132<=B133,B127<=B128),"La bandeja seleccionada cumple con el articulo 318-10 b) de la NTC 2050 y el articulo 20.3 i) del RETIE",IF(B132>B133,"El porcentaje de ocupacion del area transversal de la bandeja es mayor al 40%",IF(B127>B128,"la bandeja "))) -> La bandeja seleccionada cumple con el articulo 318-10 b) de la NTC 2050 y el articulo 20.3 i) del RETIE | E135: =IF(AND(F132<=F133,F127<=F128),"OK",IF(OR(F132>F133,F127>F128),"ERROR")) -> #DIV/0! | F135: =IF(AND(F132<=F133,F127<=F128),"La bandeja seleccionada cumple con el articulo 318-10 b) de la NTC 2050 y el articulo 20.3 i) del RETIE",IF(F132>F133,"El porcentaje de ocupacion del area transversal de la bandeja es mayor al 40%",IF(F127>F128,"la bandeja "))) -> #DIV/0!
A138: 8. CÁLCULO DE PÉRDIDAS
A140: CIRCUITO 1 | E140: CIRCUITO 2
A141: Nombre del circuito | B141: Tablero FV - Interconexión | E141: Nombre del circuito
A142: Distancia máxima entre inversor y tablero [m] | B142: 50 | E142: Distancia máxima entre inversor y tablero [m]
A143: Factor de potencia FP | B143: 1 | E143: Factor de potencia FP
A145: Voltaje del circuito [V AC] | B145: =$B$6 -> 220 | E145: Voltaje del circuito [V AC] | F145: =$B$6 -> 220
...

Sheet Regulación_Voltaje
W1: FP | Y1: 1 | AD1: FP | AF1: 1 | AK1: FP | AM1: 1
W2: Tipo de tuberia para cálculo de impedancia | Y2: CONDUIT METAL | AD2: Tipo de tuberia para cálculo de impedancia | AF2: CONDUIT METAL | AK2: Tipo de tuberia para cálculo de impedancia | AM2: CONDUIT METAL
A3: STRING | B3: DISTANCIA ENTRE FV E INVERSOR [m] | C3: CORRIENTE DE CARGA (Impp) [A] | D3: CANTIDAD DE MÓDULOS DEL STRING | E3: VOLTAJE DEL STRING (Vmpp) [V DC] | F3: MATERIAL DEL CONDUCTOR | G3: CALIBRE CONDUCTOR | H3: RESISTENCIA OHM/KM @75ºC | I3: % REG | J3: COMBINER BOX | K3: LONGITUD ENTRE CB E INVERSORES [m] | L3: NUMERO DE CADENAS EN PARALELO | M3: CORRIENTE DE CARGA [A] | N3: VOLTAJE STRING [V] | O3: CALIBRE CONDUCTOR DC | P3: RESISTIVIDAD [Ohm/km] | Q3: % REG | R3: %REG TOTAL DC | S3: INVERSOR | T3: LONGITUD ENTRE INVERSORES Y TABLERO FV AC [m] | U3: CORRIENTE DE CARGA [A] | V3: TENSIÓN ACOMETIDA [V] | W3: MATERIAL DEL CONDUCTOR | X3: CALIBRE CONDUCTOR | Y3: IMPEDANCIA EQUIVALENTE [Ohm/km] | Z3: % REG | AA3: LONGITUD ENTRE TABLERO FV AC Y TABLERO PPAL [m] | AB3: CORRIENTE DE CARGA [A] | AC3: VOLTAJE ACOMETIDA [V] | AD3: MATERIAL DEL CONDUCTOR | AE3: CALIBRE CONDUCTOR | AF3: IMPEDANCIA EQUIVALENTE [Ohm/km] | AG3: % REG | AH3: LONGITUD TRANSFORMADOR Y TABLERO PRINCIPAL [m] | AI3: CORRIENTE DE CARGA [A] | AJ3: VOLTAJE ACOMETIDA [V] | AK3: MATERIAL DEL CONDUCTOR | AL3: CALIBRE CONDUCTOR | AM3: IMPEDANCIA EQUIVALENTE [Ohm/km] | AN3: % REG | AO3: % REG TOTAL AC | AP3: % REG TOTAL SISTEMA
A4: 1.1.1 | B4: 20 | C4: =PV_INV_STRING!$B$9 -> 13.03 | D4: 7 | E4: =D4*PV_INV_STRING!$B$6 -> 363.37 | F4: COBRE | G4: 4 mm² | H4: =IF(A4="","",IF(F4="COBRE",VLOOKUP(G4,'Cap 9 NTC'!$M$15:$V$35,10,FALSE))) -> 6.73 | I4: =IF(A4="",0,(2*C4*B4/1000*H4)/E4) -> 0.00965318 | J4: 1 | K4: 0 | L4: 0 | M4: =IF(J4="","",L4*C4) -> 0 | N4: =IF(J4="","",E4) -> 363.37 | O4: 4 mm² | P4: =IF(J4="","",IF(F4="COBRE",VLOOKUP(O4,'Cap 9 NTC'!$M$15:$V$35,10,FALSE))) -> 6.73 | Q4: =IF(J4="",0,(2*M4*(K4/1000)*P4)/N4) -> 0 | R4: =Q4+MAX(I4:I5) -> 0.00965318 | S4: 1 | T4: 2.5 | U4: ='INV1_TABLERO FV'!$B$7 -> 45.5 | V4: ='INV1_TABLERO FV'!$B$6 -> 220 | W4: COBRE | X4: 10 AWG | Y4: =(((IF(W4="COBRE",VLOOKUP(X4,'Cap 9 NTC'!N44:S64,MATCH($Y$2,'Cap 9 NTC'!R43:S43,0)+4,FALSE),VLOOKUP(X4,'Cap 9 NTC'!N44:U64,MATCH($Y$2,'Cap 9 NTC'!T43:U43,0)+6,FALSE)))*$Y$1)+(VLOOKUP(X4,'Cap 9 NTC'!N44:Q64,MATCH($Y$2,'Cap 9 NTC'!P43:Q43,0)+2,FALSE))*SIN(ACOS($Y$1))) -> 3.94 | Z4: =IF(S4="",0,(SQRT(3)*T4/1000*U4*Y4)/V4) -> 0.003528463 | AA4: 2 | AB4: =SUM(U4:U7) -> 45.5 | AC4: =V4 -> 220 | AD4: COBRE | AE4: 10 AWG | AF4: =(((IF(AD4="COBRE",VLOOKUP(AE4,'Cap 9 NTC'!N44:S64,MATCH(AF2,'Cap 9 NTC'!R43:S43,0)+4,FALSE),VLOOKUP(AE4,'Cap 9 NTC'!N44:U64,MATCH(AF2,'Cap 9 NTC'!T43:U43,0)+6,FALSE)))*$AF$1)+(VLOOKUP(AE4,'Cap 9 NTC'!N44:Q64,MATCH(AF2,'Cap 9 NTC'!P43:Q43,0)+2,FALSE))*SIN(ACOS($AF$1))) -> 3.94 | AG4: =(SQRT(3)*AA4/1000*AB4*AF4)/AC4 -> 0.0028227704 | AH4: 5 | AI4: =#REF! -> #REF! | AJ4: =#REF! -> #REF! | AK4: COBRE | AL4: 4/0 AWG | AM4: =(((IF(AK4="COBRE",VLOOKUP(AL4,'Cap 9 NTC'!N44:S64,MATCH(AM2,'Cap 9 NTC'!R43:S43,0)+4,FALSE),VLOOKUP(AL4,'Cap 9 NTC'!N44:U64,MATCH(AM2,'Cap 9 NTC'!T43:U43,0)+6,FALSE)))*$AM$1)+(VLOOKUP(AL4,'Cap 9 NTC'!N44:Q64,MATCH(AM2,'Cap 9 NTC'!P43:Q43,0)+2,FALSE))*SIN(ACOS($AM$1))) -> 0.207 | AN4: =(SQRT(3)*AH4/1000*AI4*AM4)/AJ4 -> #REF! | AO4: =IF(S4="",0,AG4+Z4) -> 0.0063512335 | AP4: =AO4+MAX(Z4:Z7)+MAX(R4:R7) -> 0.019532876
A5: 1.2.1 | B5: 20 | C5: =PV_INV_STRING!$B$9 -> 13.03 | D5: 9 | E5: =D5*PV_INV_STRING!$B$6 -> 467.19 | F5: COBRE | G5: 4 mm² | H5: =IF(A5="","",IF(F5="COBRE",VLOOKUP(G5,'Cap 9 NTC'!$M$15:$V$35,10,FALSE))) -> 6.73 | I5: =IF(A5="",0,(2*C5*B5/1000*H5)/E5) -> 0.0075080289 | R5: =Q5+MAX(I5:I6) -> 0.00965318
A6: 2.1.1 | B6: 20 | C6: =PV_INV_STRING!$B$9 -> 13.03 | D6: 7 | E6: =D6*PV_INV_STRING!$B$6 -> 363.37 | F6: COBRE | G6: 4 mm² | H6: =IF(A6="","",IF(F6="COBRE",VLOOKUP(G6,'Cap 9 NTC'!$M$15:$V$35,10,FALSE))) -> 6.73 | I6: =IF(A6="",0,(2*C6*B6/1000*H6)/E6) -> 0.00965318 | J6: 2 | K6: 0 | L6: 0 | M6: =IF(J6="","",L6*C6) -> 0 | N6: =IF(J6="","",E6) -> 363.37 | O6: 4 mm² | P6: =IF(J6="","",IF(F6="COBRE",VLOOKUP(O6,'Cap 9 NTC'!$M$15:$V$35,10,FALSE))) -> 6.73 | Q6: =IF(J6="",0,(2*M6*(K6/1000)*P6)/N6) -> 0 | R6: =Q6+MAX(I6) -> 0.00965318
A7: 2.2.1 | B7: 20 | C7: =PV_INV_STRING!$B$9 -> 13.03 | D7: 8 | E7: 428.8 | F7: COBRE | G7: 4 mm² | H7: =IF(A7="","",IF(F7="COBRE",VLOOKUP(G7,'Cap 9 NTC'!$M$15:$V$35,10,FALSE))) -> 6.73 | I7: =IF(A7="",0,(2*C7*B7/1000*H7)/E7) -> 0.0081802146
A9: STRING | B9: % REG DC | C9: INVERSOR | D9: % REG AC | E9: % REGULACION TOTAL
A10: 1.1.1 | B10: =I4 -> 0.00965318 | C10: 1 | D10: =Z4+AG4 -> 0.0063512335 | E10: =D10+B10 -> 0.016004413
A11: 1.1.2 | B11: =I5 -> 0.0075080289 | C11: 1 | E11: =D11+B11 -> 0.0075080289

Sheet Perdidas P_E 
A1: Ubicación | B1: Anserma | X1: FP | Z1: 1 | AF1: FP | AH1: 1
A2: HPS [h] | B2: 4 | D2: De mapa de radiación del IDEAM | X2: Tipo de tuberia para cálculo de impedancia | Z2: CONDUIT METAL | AF2: Tipo de tuberia para cálculo de impedancia | AH2: CONDUIT METAL
A3: STRING | B3: DISTANCIA ENTRE FV E INVERSOR [m] | C3: CORRIENTE DE CARGA (Impp) [A] | D3: CANTIDAD DE MÓDULOS DEL STRING | E3: VOLTAJE DEL STRING (Vmpp) [V DC] | F3: MATERIAL DEL CONDUCTOR | G3: CALIBRE CONDUCTOR | H3: RESISTENCIA OHM/KM @75ºC | I3: PÉRDIDAS DE POTENCIA [W] | J3: PÉRDIDAS DE ENERGIA ENTRE FV E INVERSOR [kWh/mes] | K3: COMBINER BOX | L3: LONGITUD ENTRE CB E INVERSORES [m] | M3: NUMERO DE CADENAS EN PARALELO | N3: CORRIENTE DE CARGA [A] | O3: VOLTAJE STRING [V] | P3: CALIBRE CONDUCTOR DC | Q3: RESISTIVIDAD [Ohm/km] | R3: % REG | T3: INVERSOR | U3: LONGITUD ENTRE INVERSORES Y TABLERO FV AC [m] | V3: CORRIENTE DE CARGA [A] | W3: TENSIÓN ACOMETIDA [V] | X3: MATERIAL DEL CONDUCTOR | Y3: CALIBRE CONDUCTOR | Z3: IMPEDANCIA EQUIVALENTE [Ohm/km] | AA3: PÉRDIDAS DE POTENCIA [W] | AB3: PÉRDIDAS DE ENERGIA INV - TABLERO FV AC [kWh/mes] | AC3: LONGITUD ENTRE TABLERO FV AC Y TABLERO PPAL [m] | AD3: CORRIENTE DE CARGA [A] | AE3: VOLTAJE ACOMETIDA [V] | AF3: MATERIAL DEL CONDUCTOR | AG3: CALIBRE CONDUCTOR | AH3: IMPEDANCIA EQUIVALENTE [Ohm/km] | AI3: PÉRDIDAS DE POTENCIA [W] | AJ3: PÉRDIDAS DE ENERGIA TABLERO FV AC - TABLERO PPAL [kWh/mes]
A4: 1.1.1 | B4: 20 | C4: 9.2 | D4: 7 | E4: 227.9 | F4: COBRE | G4: 4 mm² | H4: =IF(A4="","",IF(F4="COBRE",VLOOKUP(G4,'[1]Cap 9 NTC'!$M$15:$V$35,10,FALSE))) -> 6.73 | I4: =IF(A4="",0,2*H4*(C4^2)*(B4/1000)) -> 22.785088 | J4: =I4*$B$2*30/1000 -> 2.7342106 | T4: 1 | U4: 2.5 | V4: ='[2]INV1_TABLERO FV'!B7 -> 45.5 | W4: ='[2]INV1_TABLERO FV'!B6 -> 220 | X4: COBRE | Y4: 10 AWG | Z4: =IF(V4="","",(((IF(X4="COBRE",VLOOKUP(Y4,'[2]Cap 9 NTC'!N44:U64,MATCH(Z2,'[2]Cap 9 NTC'!R43:S43,0)+4,FALSE),VLOOKUP(Y4,'[2]Cap 9 NTC'!N44:U64,MATCH(Z2,'[2]Cap 9 NTC'!T43:U43,0)+6,FALSE)))*$Z$1)+(VLOOKUP(Y4,'[2]Cap 9 NTC'!N44:Q64,MATCH(Z2,'[2]Cap 9 NTC'!P43:Q43,0)+2,FALSE))*SIN(ACOS($Z$1)))) -> 3.94 | AA4: =IF(T4="",0,SQRT(3)*Z4*(V4^2)*(U4/1000)) -> 35.319915 | AB4: =AA4*$B$2*30/1000 -> 4.2383898 | AC4: 1 | AD4: =SUM(V4:V10) -> 45.5 | AE4: 240 | AF4: COBRE | AG4: 10 AWG | AH4: =(((IF(AF4="COBRE",VLOOKUP(AG4,'[2]Cap 9 NTC'!N44:S64,MATCH(AH2,'[2]Cap 9 NTC'!R43:S43,0)+4,FALSE),VLOOKUP(AG4,'[2]Cap 9 NTC'!N44:U64,MATCH(AH2,'[2]Cap 9 NTC'!T43:U43,0)+6,FALSE)))*$AH$1)+(VLOOKUP(AG4,'[2]Cap 9 NTC'!N44:Q64,MATCH(AH2,'[2]Cap 9 NTC'!P43:Q43,0)+2,FALSE))*SIN(ACOS($AH$1))) -> 3.94 | AI4: =IF(T4="",0,SQRT(3)*AH4*(AD4^2)*(AC4/1000)) -> 14.127966 | AJ4: =AI4*$B$2*30/1000 -> 1.6953559
A5: 1.2.1 | B5: 20 | C5: 9.2 | D5: 9 | E5: 357.3 | F5: COBRE | G5: 4 mm² | H5: =IF(A5="","",IF(F5="COBRE",VLOOKUP(G5,'[1]Cap 9 NTC'!$M$15:$V$35,10,FALSE))) -> 6.73 | I5: =IF(A5="",0,2*H5*(C5^2)*(B5/1000)) -> 22.785088 | J5: =I5*$B$2*30/1000 -> 2.7342106
A6: 2.1.1 | B6: 20 | C6: 10.14 | D6: 7 | E6: =7*53.6 -> 375.2 | F6: COBRE | G6: 4 mm² | H6: =IF(A6="","",IF(F6="COBRE",VLOOKUP(G6,'[1]Cap 9 NTC'!$M$15:$V$35,10,FALSE))) -> 6.73 | I6: =IF(A6="",0,2*H6*(C6^2)*(B6/1000)) -> 27.679036 | J6: =I6*$B$2*30/1000 -> 3.3214844
A7: 2.2.1 | B7: 20 | C7: 10.14 | D7: 8 | E7: =8*53.6 -> 428.8 | F7: COBRE | G7: 4 mm² | H7: =IF(A7="","",IF(F7="COBRE",VLOOKUP(G7,'[1]Cap 9 NTC'!$M$15:$V$35,10,FALSE))) -> 6.73 | I7: =IF(A7="",0,2*H7*(C7^2)*(B7/1000)) -> 27.679036 | J7: =I7*$B$2*30/1000 -> 3.3214844
A10: INVERSOR | B10: PÉRDIDAS DE POTENCIA ACUMULADA EN DC [W] | C10: PÉRDIDAS DE POTENCIA ACUMULADA EN DC % | D10: PÉRDIDAS DE POTENCIA ACUMULADA EN AC [W] | E10: PÉRDIDAS DE POTENCIA ACUMULADA EN AC % | F10: PÉRDIDAS DE POTENCIA TOTAL DEL SISTEMA [W] | G10: PÉRDIDAS DE POTENCIA TOTAL DEL SISTEMA %
A11: 1 | B11: =SUM(I4:I7) -> 100.92825 | C11: =B11/(SUM(D4:D7)*[2]PV_INV_STRING!$B$5) -> 0.005711842 | D11: =AI4 -> 14.127966 | E11: =D11/U11 -> 0.00079954533 | F11: =SUM(B11,E11) -> 100.92905 | G11: =F11/U11 -> 0.0057118873 | S11: Potencia total instalada [Wp] | U11: =SUM(D4:D7)*PV_INV_STRING!$B$5 -> 17670
A14: INVERSOR | B14: PÉRDIDAS DE ENERGIA ACUMULADA EN DC [kWh/mes] | C14: PÉRDIDAS DE ENERGIA ACUMULADA EN AC [kWh/mes] | D14: PÉRDIDAS DE ENERGIA TOTAL DEL SISTEMA [kWh/mes]
A15: 1 | B15: =B11*$B$2*30/1000 -> 12.11139 | C15: =D11*$B$2*30/1000 -> 1.6953559 | D15: =SUM(C15,B15:B16) -> 13.806746

Sheet Barraje_Pto conex
A1: CÁLCULO CAPACIDAD BARRAJE PUNTO DE CONEXIÓN
A2: CARGA | B2: PROTECCIÓN | C2: CORRIENTE OCPD
A3: Despulpado | B3: 3X50A | C3: 50
A4: Silo 2 | B4: 3X50A | C4: 50
A5: Silo 4 | B5: 3X75A | C5: 75
A6: N/A | B6: 3X100A | C6: 100
A7: Varios | B7: 3X60A | C7: 60
A8: N/A | B8: 3X63A | C8: 63
A9: Vent. Silo 2 | B9: 3X40A | C9: 40
A10: Vent. Silo 3 | B10: 3X40A | C10: 40
A11: N/A | B11: 3X25A | C11: 25
A16: TOTAL CORRIENTE CARGAS CONECTADAS [A] | C16: =SUM(C3:C14) -> 503
A18: CORRIENTE OCPD PLANTA SOLAR [A] | C18: 125
A20: CORRIENTE TOTAL CONECTADA AL BARRAJE [A] | C20: =C18+C16 -> 628
A22: CORRIENTE NOMINAL DE LA PROTECCIÓN PRINCIPAL [A]
A24: DISPONIBILIDAD DE CARGA [A] | C24: 596
C26: =B26*C20 -> 0 | E26: 200 | F26: CÁLCULO DE TOTALIZADOR PARA NUEVA ACOMETIDA
A29: NTC 2050, 705.12 (D)(2)(3)(a) | B29: Capacidad minima del barraje [A] | C29: ='TABLERO FV_INTX'!B13*125%+'Barraje_Pto conex'!E26 -> 256.875
A30: NTC 2050, 705.12 (D)(2)(3)(b) | B30: Capacidad minima del barraje [A] | C30: =(1.25*'TABLERO FV_INTX'!B13+E26)/1.2 -> 214.0625
A31: NTC 2050, 705.12 (D)(2)(3)(c) | B31: Capacidad minima del barraje [A] | C31: =C20 -> 628

Sheet CAIDA DE TENSION TOTAL
A2: INVERSOR.STRING | B2: LONGITUD HASTA CB | C2: CORRIENTE DE CARGA | D2: VOLTAJE DEL STRING | E2: CALIBRE CONDUCTOR | F2: RESISTIVIDAD OHM/KM | G2: % REG | H2: LONGITUD ENTRE CB E INVERSOR | I2: CORRIENTE DE CARGA | J2: VOLTAJE STRING | K2: CALIBRE CONDUCTOR | L2: RESISTIVIDAD OHM/KM | M2: % REG | N2: LONGITUD ENTRE INVERSOR Y TABLERO AC | O2: CORRIENTE DE CARGA | P2: VOLTAJE ACOMETIDA | Q2: CALIBRE CONDUCTOR | R2: RESISTIVIDAD OHM/KM | S2: % REG | T2: LONGITUD ENTRE TABLERO AC Y PTO DE CONEXIÓN | U2: CORRIENTE DE CARGA | V2: VOLTAJE ACOMETIDA | W2: CALIBRE CONDUCTOR | X2: RESISTIVIDAD OHM/KM | Y2: % REG | Z2: % REG TOTAL
A3: 1.1 | B3: 25.2 | C3: 9.09 | D3: 698.4 | E3: 6 mm2 | F3: 4.148 | G3: =(2*C3*B3/1000*F3)/D3 -> 0.0027210025 | H3: 34 | I3: 18.18 | J3: 698.4 | K3: 10 mm2 | L3: 2.579 | M3: =(2*I3*H3/1000*L3)/J3 -> 0.0045650959 | N3: 2 | O3: 41.6 | P3: 208 | Q3: 6 AWG | R3: 0.675 | S3: =(1.73*N3/1000*O3*R3)/P3 -> 0.0004671 | T3: 72 | U3: 166.4 | V3: 208 | W3: 4/0 | X3: 0.277 | Y3: =(1.73*T3/1000*U3*X3)/V3/2 -> 0.013801248 | Z3: =Y3+S15+M15+G15 -> 0.028548292
A4: 1.2 | B4: 21.9 | C4: 9.09 | D4: 698.4 | E4: 6 mm2 | F4: 4.148 | G4: =(2*C4*B4/1000*F4)/D4 -> 0.0023646807
A5: 1.3 | B5: 17.1 | C5: 9.09 | D5: 698.4 | E5: 6 mm2 | F5: 4.148 | G5: =(2*C5*B5/1000*F5)/D5 -> 0.0018463945
A6: 1.4 | B6: 13.8 | C6: 9.09 | D6: 698.4 | E6: 6 mm2 | F6: 4.148 | G6: =(2*C6*B6/1000*F6)/D6 -> 0.0014900728
A7: 2.1 | B7: 24.2 | C7: 9.09 | D7: 698.4 | E7: 6 mm2 | F7: 4.148 | G7: =(2*C7*B7/1000*F7)/D7 -> 0.0026130262 | H7: 26 | I7: 18.18 | J7: 698.4 | K7: 10 mm2 | L7: 2.579 | M7: =(2*I7*H7/1000*L7)/J7 -> 0.0034909557 | N7: 3 | O7: 41.6 | P7: 208 | Q7: 6 AWG | R7: 0.675 | S7: =(1.73*N7/1000*O7*R7)/P7 -> 0.00070065
A8: 2.2 | B8: 20.1 | C8: 9.09 | D8: 698.4 | E8: 6 mm2 | F8: 4.148 | G8: =(2*C8*B8/1000*F8)/D8 -> 0.0021703234
A9: 2.3 | B9: 15.9 | C9: 9.09 | D9: 698.4 | E9: 6 mm2 | F9: 4.148 | G9: =(2*C9*B9/1000*F9)/D9 -> 0.001716823
A10: 2.4 | B10: 12.6 | C10: 9.09 | D10: 698.4 | E10: 6 mm2 | F10: 4.148 | G10: =(2*C10*B10/1000*F10)/D10 -> 0.0013605012
A11: 3.1 | B11: 25.2 | C11: 9.09 | D11: 698.4 | E11: 6 mm2 | F11: 4.148 | G11: =(2*C11*B11/1000*F11)/D11 -> 0.0027210025 | H11: 16 | I11: 18.18 | J11: 698.4 | K11: 10 mm2 | L11: 2.579 | M11: =(2*I11*H11/1000*L11)/J11 -> 0.0021482804 | N11: 4 | O11: 41.6 | P11: 208 | Q11: 6 AWG | R11: 0.675 | S11: =(1.73*N11/1000*O11*R11)/P11 -> 0.0009342
A12: 3.2 | B12: 21.9 | C12: 9.09 | D12: 698.4 | E12: 6 mm2 | F12: 4.148 | G12: =(2*C12*B12/1000*F12)/D12 -> 0.0023646807
A13: 3.3 | B13: 17.1 | C13: 9.09 | D13: 698.4 | E13: 6 mm2 | F13: 4.148 | G13: =(2*C13*B13/1000*F13)/D13 -> 0.0018463945
A14: 3.4 | B14: 13.8 | C14: 9.09 | D14: 698.4 | E14: 6 mm2 | F14: 4.148 | G14: =(2*C14*B14/1000*F14)/D14 -> 0.0014900728
A15: 4.1 | B15: 32.5 | C15: 9.09 | D15: 698.4 | E15: 6 mm2 | F15: 4.148 | G15: =(2*C15*B15/1000*F15)/D15 -> 0.0035092294 | H15: 75 | I15: 18.18 | J15: 698.4 | K15: 10 mm2 | L15: 2.579 | M15: =(2*I15*H15/1000*L15)/J15 -> 0.010070064 | N15: 5 | O15: 41.6 | P15: 208 | Q15: 6 AWG | R15: 0.675 | S15: =(1.73*N15/1000*O15*R15)/P15 -> 0.00116775
A16: 4.2 | B16: 21.6 | C16: 9.09 | D16: 698.4 | E16: 6 mm2 | F16: 4.148 | G16: =(2*C16*B16/1000*F16)/D16 -> 0.0023322878
A17: 4.3 | B17: 26.3 | C17: 9.09 | D17: 698.4 | E17: 6 mm2 | F17: 4.148 | G17: =(2*C17*B17/1000*F17)/D17 -> 0.0028397764
A18: 4.4 | B18: 17.4 | C18: 9.09 | D18: 698.4 | E18: 6 mm2 | F18: 4.148 | G18: =(2*C18*B18/1000*F18)/D18 -> 0.0018787874

Sheet Cap 2 NTC
A1: Conductor del electrodo de puesta a tierra para sistemas de c.a. (TABLA 250-94 NTC 2050)
A3: Sección Transversal del mayor conductor de acometida o su equivalente para conductores en paralelo | E3: Sección Transversal (calibre) del conductor al electrodo de puesta a tierra
A4: Cobre | C4: Aluminio o aluminio recubierto de cobre | E4: Cobre | G4: Aluminio o aluminio recubierto de cobre
A5: mm² | B5: AWG o kcmil | C5: mm² | D5: AWG o kcmil | E5: mm² | F5: AWG o kcmil | G5: mm² | H5: AWG o kcmil
A6: 33,62 o menor | B6: 2 o menor | C6: 53,5 o menor | D6: 1/0 o menor | E6: 8.36 | F6: 8 | G6: 13.29 | H6: 6
A7: 42,2 o 53,5 | B7: 1 o 1/0 | C7: 67,44 o 85,02 | D7: 2/0 o 3/0 | E7: 13.29 | F7: 6 | G7: 21.14 | H7: 4
A8: 67,44 o 85,02 | B8: 2/0 o 3/0 | C8: 107,21 o 126,67 | D8: 4/0 o 250 kcmil | E8: 21.14 | F8: 4 | G8: 33.62 | H8: 2
A9: 107,21 hasta 177,34 | B9: 4/0 hasta 350 kcmil | C9: 152,01 a 253,35 | D9: 300 a 500 kcmil | E9: 33.62 | F9: 2 | G9: 53.5 | H9: 1/0
A10: 202,68 a 304,02 | B10: 400 a 600 kcmil | C10: 278,68 a 456,03 | D10: 550 a 900 kcmil | E10: 53.5 | F10: 1/0 | G10: 85.02 | H10: 3/0
A11: 329,35 a 557,37 | B11: 650 a 1100 kcmil | C11: 506,70 a 886,73 | D11: 1000 a 1750 kcmil | E11: 67.44 | F11: 2/0 | G11: 107.21 | H11: 4/0
A12: 608,04 y más | B12: 1200 kcmil y más | C12: 912,06 y más | D12: 1800 y más kcmil | E12: 85.02 | F12: 3/0 | G12: 126.67 | H12: 250 kcmil
A14: Calibre minimo de los conductpres de puesta a tierra de equipos para puesta a tierra de canalizaciones y equipos (TABLA 250-95 NTC 2050)
A16: Corriente nominal o ajuste máximo del dispositivo automático de protección contra sobrecorriente en el circuito antes de los equipos, tubos conduit, etc. (A) | B16: Sección Transversal
B17: Alambre de cobre | D17: Alambre de aluminio o de aluminio revestido de cobre
B18: mm² | C18: AWG o kcmil | D18: mm² | E18: AWG o kcmil
A19: 15 | B19: 2.08 | C19: 14 | D19: 3.3 | E19: 12
A20: 20 | B20: 3.3 | C20: 12 | D20: 5.25 | E20: 10
A21: 30 | B21: 5.25 | C21: 10 | D21: 8.36 | E21: 8
A22: 40 | B22: 5.25 | C22: 10 | D22: 8.36 | E22: 8
A23: 60 | B23: 5.25 | C23: 10 | D23: 8.36 | E23: 8
A24: 100 | B24: 8.36 | C24: 8 | D24: 13.29 | E24: 6
A25: 200 | B25: 13.29 | C25: 6 | D25: 21.14 | E25: 4
A26: 300 | B26: 21.14 | C26: 4 | D26: 33.62 | E26: 2
A27: 400 | B27: 26.66 | C27: 3 | D27: 42.2 | E27: 1
A28: 500 | B28: 33.62 | C28: 2 | D28: 53.5 | E28: 1/0
A29: 600 | B29: 42.2 | C29: 1 | D29: 67.44 | E29: 2/0
A30: 800 | B30: 53.5 | C30: 1/0 | D30: 85.02 | E30: 3/0
A32: Tabla 250-95 simplificada
A33: Corriente nominal o ajuste máximo del dispositivo automático de protección contra sobrecorriente en el circuito antes de los equipos, tubos conduit, etc. (A)
B34: COBRE | C34: ALUMINIO
B35: AWG o kcmil | C35: AWG o kcmil
A36: 800 | B36: 1/0 | C36: 3/0
A37: 600 | B37: 1 | C37: 2/0
A38: 500 | B38: 2 | C38: 1/0
A39: 400 | B39: 3 | C39: 1
A40: 300 | B40: 4 | C40: 2
A41: 200 | B41: 6 | C41: 4
A42: 100 | B42: 8 | C42: 6
A43: 60 | B43: 10 | C43: 8
A44: 40 | B44: 10 | C44: 8
A45: 30 | B45: 10 | C45: 8
A46: 20 | B46: 12 | C46: 10
A47: 15 | B47: 14 | C47: 12

Sheet Cap 3 NTC
A1: Capacidad de corriente permisible en conductores aislados para 0 a 2000 V nominales de 60 ºC a 90 ºC no más de tres conductores portadores de corriente en una canalización, cable o tierra ( directamente enterrados) y temperatura ambiente de 30 ºC (TABLA 310-16 NTC 2050)
A3: Calibre | B3: Temperatura Nominal Del Conductor | H3: Sección Tranversal
B4: 60 ºC | C4: 75 ºC | D4: 90 ºC | E4: 60 ºC | F4: 75 ºC | G4: 90 ºC
B5: Tipos | C5: Tipos | D5: Tipos | E5: Tipos | F5: Tipos | G5: Tipos
B6: S TW UF | C6: FEPW RH RHW THHW THW THWN XHHW USE ZW | D6: TBS SA SIS FEP FEPB MI RHH RHW-2 THHN THHW THW-2 THWN-2 USE-2 XHH XHHW XHHW-2 ZW-2 | E6: TW UF | F6: RH RHW THHW THW THWN XHHW USE | G6: TBS SA SIS THHN THHW THW-2 THWN-2 RHH RHW-2 USE-2 XHH XHHW XHHW-2 ZW-2 | N6: 60 ºC | O6: 75 ºC | P6: 90 ºC | Q6: 60 ºC | R6: 75 ºC | S6: 90 ºC
A7: AWG ó kcmil | B7: COBRE | E7: ALUMINIO RECUBIERTO CON COBRE | H7: mm2 | L7: mm2 | M7: AWG ó kcmil | N7: COBRE | Q7: ALUMINIO RECUBIERTO CON COBRE | T7: mm2 | U7: AWG ó kcmil
A8: 18 | D8: 14 | H8: 0.82 | L8: 1013.04 | M8: 2000 kcmil | N8: 560 | O8: 665 | P8: 750 | Q8: 470 | R8: 560 | S8: 630 | T8: 1013.04 | U8: 2000
A9: 16 | D9: 18 | H9: 1.31 | L9: 886.73 | M9: 1750 kcmil | N9: 545 | O9: 650 | P9: 735 | Q9: 455 | R9: 545 | S9: 615 | T9: 886.73 | U9: 1750
A10: 14 | B10: 20 | C10: 20 | D10: 25 | H10: 2.08 | L10: 760.05 | M10: 1500 kcmil | N10: 520 | O10: 625 | P10: 705 | Q10: 435 | R10: 520 | S10: 585 | T10: 760.05 | U10: 1500
A11: 12 | B11: 25 | C11: 25 | D11: 30 | E11: 20 | F11: 20 | G11: 25 | H11: 3.3 | L11: 633.38 | M11: 1250 kcmil | N11: 495 | O11: 590 | P11: 665 | Q11: 405 | R11: 485 | S11: 545 | T11: 633.38 | U11: 1250
A12: 10 | B12: 30 | C12: 35 | D12: 40 | E12: 25 | F12: 30 | G12: 35 | H12: 5.25 | L12: 506.7 | M12: 1000 kcmil | N12: 455 | O12: 545 | P12: 615 | Q12: 375 | R12: 445 | S12: 500 | T12: 506.7 | U12: 1000
A13: 8 | B13: 40 | C13: 50 | D13: 55 | E13: 30 | F13: 40 | G13: 45 | H13: 8.36 | L13: 456.03 | M13: 900 kcmil | N13: 435 | O13: 520 | P13: 585 | Q13: 355 | R13: 425 | S13: 480 | T13: 456.03 | U13: 900
A14: 6 | B14: 55 | C14: 65 | D14: 75 | E14: 40 | F14: 50 | G14: 60 | H14: 13.29 | L14: 405.36 | M14: 800 kcmil | N14: 410 | O14: 490 | P14: 555 | Q14: 330 | R14: 395 | S14: 450 | T14: 405.36 | U14: 800
A15: 4 | B15: 70 | C15: 85 | D15: 95 | E15: 55 | F15: 65 | G15: 75 | H15: 21.14 | L15: 380.02 | M15: 750 kcmil | N15: 400 | O15: 475 | P15: 535 | Q15: 320 | R15: 385 | S15: 435 | T15: 380.02 | U15: 750
A16: 3 | B16: 85 | C16: 100 | D16: 110 | E16: 65 | F16: 75 | G16: 85 | H16: 26.66 | L16: 354.69 | M16: 700 kcmil | N16: 385 | O16: 460 | P16: 520 | Q16: 310 | R16: 375 | S16: 420 | T16: 354.69 | U16: 700
A17: 2 | B17: 95 | C17: 115 | D17: 130 | E17: 75 | F17: 90 | G17: 100 | H17: 33.62 | L17: 304.02 | M17: 600 kcmil | N17: 355 | O17: 420 | P17: 475 | Q17: 285 | R17: 340 | S17: 385 | T17: 304.02 | U17: 600
A18: 1 | B18: 110 | C18: 130 | D18: 150 | E18: 85 | F18: 100 | G18: 115 | H18: 42.2 | L18: 253.35 | M18: 500 kcmil | N18: 320 | O18: 380 | P18: 430 | Q18: 260 | R18: 310 | S18: 350 | T18: 253.35 | U18: 500
A19: 1/0 | B19: 125 | C19: 150 | D19: 170 | E19: 100 | F19: 120 | G19: 135 | H19: 53.5 | L19: 202.68 | M19: 400 kcmil | N19: 280 | O19: 335 | P19: 380 | Q19: 225 | R19: 270 | S19: 305 | T19: 202.68 | U19: 400
A20: 2/0 | B20: 145 | C20: 175 | D20: 195 | E20: 115 | F20: 135 | G20: 150 | H20: 67.44 | L20: 177.34 | M20: 350 kcmil | N20: 260 | O20: 310 | P20: 350 | Q20: 210 | R20: 250 | S20: 280 | T20: 177.34 | U20: 350
A21: 3/0 | B21: 165 | C21: 200 | D21: 225 | E21: 130 | F21: 155 | G21: 175 | H21: 85.02 | L21: 152.01 | M21: 300 kcmil | N21: 240 | O21: 285 | P21: 320 | Q21: 190 | R21: 230 | S21: 255 | T21: 152.01 | U21: 300
A22: 4/0 | B22: 195 | C22: 230 | D22: 260 | E22: 150 | F22: 180 | G22: 205 | H22: 107.21 | L22: 126.67 | M22: 250 kcmil | N22: 215 | O22: 255 | P22: 290 | Q22: 170 | R22: 205 | S22: 230 | T22: 126.67 | U22: 250
A23: 250 | B23: 215 | C23: 255 | D23: 290 | E23: 170 | F23: 205 | G23: 230 | H23: 126.67 | L23: 107.21 | M23: 4/0 AWG | N23: 195 | O23: 230 | P23: 260 | Q23: 150 | R23: 180 | S23: 205 | T23: 107.21 | U23: 4/0
A24: 300 | B24: 240 | C24: 285 | D24: 320 | E24: 190 | F24: 230 | G24: 255 | H24: 152.01 | L24: 85.02 | M24: 3/0 AWG | N24: 165 | O24: 200 | P24: 225 | Q24: 130 | R24: 155 | S24: 175 | T24: 85.02 | U24: 3/0
A25: 350 | B25: 260 | C25: 310 | D25: 350 | E25: 210 | F25: 250 | G25: 280 | H25: 177.34 | L25: 67.44 | M25: 2/0 AWG | N25: 145 | O25: 175 | P25: 195 | Q25: 115 | R25: 135 | S25: 150 | T25: 67.44 | U25: 2/0
A26: 400 | B26: 280 | C26: 335 | D26: 380 | E26: 225 | F26: 270 | G26: 305 | H26: 202.68 | L26: 53.5 | M26: 1/0 AWG | N26: 125 | O26: 150 | P26: 170 | Q26: 100 | R26: 120 | S26: 135 | T26: 53.5 | U26: 1/0
A27: 500 | B27: 320 | C27: 380 | D27: 430 | E27: 260 | F27: 310 | G27: 350 | H27: 253.35 | L27: 42.2 | M27: 1 AWG | N27: 110 | O27: 130 | P27: 150 | Q27: 85 | R27: 100 | S27: 115 | T27: 42.2 | U27: 1
A28: 600 | B28: 355 | C28: 420 | D28: 475 | E28: 285 | F28: 340 | G28: 385 | H28: 304.02 | J28: 11.36 | L28: 33.62 | M28: 2 AWG | N28: 95 | O28: 115 | P28: 130 | Q28: 75 | R28: 90 | S28: 100 | T28: 33.62 | U28: 2
A29: 700 | B29: 385 | C29: 460 | D29: 520 | E29: 310 | F29: 375 | G29: 420 | H29: 354.69 | J29: {=MIN(IF(D8:D27>J28,D8:D27))} -> 14 | L29: 26.66 | M29: 3 AWG | N29: 85 | O29: 100 | P29: 110 | Q29: 65 | R29: 75 | S29: 85 | T29: 26.66 | U29: 3
A30: 750 | B30: 400 | C30: 475 | D30: 535 | E30: 320 | F30: 385 | G30: 435 | H30: 380.02 | L30: 21.14 | M30: 4 AWG | N30: 70 | O30: 85 | P30: 95 | Q30: 55 | R30: 65 | S30: 75 | T30: 21.14 | U30: 4
A31: 800 | B31: 410 | C31: 490 | D31: 555 | E31: 330 | F31: 395 | G31: 450 | H31: 405.36 | L31: 13.29 | M31: 6 AWG | N31: 55 | O31: 65 | P31: 75 | Q31: 40 | R31: 50 | S31: 60 | T31: 13.29 | U31: 6
A32: 900 | B32: 435 | C32: 520 | D32: 585 | E32: 355 | F32: 425 | G32: 480 | H32: 456.03 | L32: 8.36 | M32: 8 AWG | N32: 40 | O32: 50 | P32: 55 | Q32: 30 | R32: 40 | S32: 45 | T32: 8.36 | U32: 8
A33: 1000 | B33: 455 | C33: 545 | D33: 615 | E33: 375 | F33: 445 | G33: 500 | H33: 506.7 | L33: 5.25 | M33: 10 AWG | N33: 30 | O33: 35 | P33: 40 | Q33: 25 | R33: 30 | S33: 35 | T33: 5.25 | U33: 10
A34: 1250 | B34: 495 | C34: 590 | D34: 665 | E34: 405 | F34: 485 | G34: 545 | H34: 633.38 | L34: 3.3 | M34: 12 AWG | N34: 25 | O34: 25 | P34: 30 | Q34: 20 | R34: 20 | S34: 25 | T34: 3.3 | U34: 12
A35: 1500 | B35: 520 | C35: 625 | D35: 705 | E35: 435 | F35: 520 | G35: 585 | H35: 760.05 | L35: 2.08 | M35: 14 AWG | N35: 20 | O35: 20 | P35: 25 | T35: 2.08 | U35: 14
A36: 1750 | B36: 545 | C36: 650 | D36: 735 | E36: 455 | F36: 545 | G36: 615 | H36: 886.73 | L36: 1.31 | M36: 16 AWG | P36: 18 | T36: 1.31 | U36: 16
A37: 2000 | B37: 560 | C37: 665 | D37: 750 | E37: 470 | F37: 560 | G37: 630 | H37: 1013.04 | L37: 0.82 | M37: 18 AWG | P37: 14 | T37: 0.82 | U37: 18
A39: FACTORES DE CORRECCIÓN POR TEMPERATURA AMBIENTE | J39: Factor De Corrección Para Capacidad Amperímetrica De Los Conductores En Una Tubería
A40: Temperatura Ambiente en ºC | B40: Para temperaturas ambientes distintas de 30 ºC, multiplicar las anteriores corrientes por el correspondiente factor de los siguientes | H40: Temperatura Ambiente en ºC | J40: Numero De Conductores Portadores De Corriente En La Tubería | K40: Porcentaje Del Valor De Las Tablas, Ajustado Para La Temperatura Ambiente Si Fuera Necesario
A41: 21-25 | B41: 1.08 | C41: 1.05 | D41: 1.04 | E41: 1.08 | F41: 1.05 | G41: 1.04 | H41: 21-25 | J41: De 4 a 6 | K41: 0.8
A42: 26-30 | B42: 1 | C42: 1 | D42: 1 | E42: 1 | F42: 1 | G42: 1 | H42: 26-30 | J42: De 7 a 9 | K42: 0.7
A43: 31-35 | B43: 0.91 | C43: 0.94 | D43: 0.96 | E43: 0.91 | F43: 0.94 | G43: 0.96 | H43: 31-35 | J43: De 10 a 20 | K43: 0.5
A44: 36-40 | B44: 0.82 | C44: 0.88 | D44: 0.91 | E44: 0.82 | F44: 0.88 | G44: 0.91 | H44: 36-40 | J44: De 21 a 30 | K44: 0.45
A45: 41-45 | B45: 0.71 | C45: 0.82 | D45: 0.87 | E45: 0.71 | F45: 0.82 | G45: 0.87 | H45: 41-45 | J45: De 31 a 40 | K45: 0.4
A46: 46-50 | B46: 0.58 | C46: 0.75 | D46: 0.82 | E46: 0.58 | F46: 0.75 | G46: 0.82 | H46: 46-50 | J46: De 41 y más | K46: 0.35
A47: 51-55 | B47: 0.41 | C47: 0.67 | D47: 0.76 | E47: 0.41 | F47: 0.67 | G47: 0.76 | H47: 51-55
A48: 56-60 | C48: 0.58 | D48: 0.71 | F48: 0.58 | G48: 0.71 | H48: 56-60
A49: 61-70 | C49: 0.33 | D49: 0.58 | F49: 0.33 | G49: 0.58 | H49: 61-70
A50: 71-80 | D50: 0.41 | G50: 0.41 | H50: 71-80
A54: Capacidad de corriente permisible en conductores aislados para 0 a 2000 V nominales al aire libre y temperatura ambiente de 30 °C. (TABLA 310-17 NTC 2050)
A56: Calibre | B56: Temperatura Nominal Del Conductor | H56: Sección Tranversal
B57: 60 ºC | C57: 75 ºC | D57: 90 ºC | E57: 60 ºC | F57: 75 ºC | G57: 90 ºC
B58: Tipos | C58: Tipos | D58: Tipos | E58: Tipos | F58: Tipos | G58: Tipos
B59: S TW UF | C59: FEPW RH RHW THHW THW THWN XHHW USE ZW | D59: TBS SA SIS FEP FEPB MI RHH RHW-2 THHN THHW THW-2 THWN-2 USE-2 XHH XHHW XHHW-2 ZW-2 | E59: TW UF | F59: RH RHW THHW THW THWN XHHW USE | G59: TBS SA SIS THHN THHW THW-2 THWN-2 RHH RHW-2 USE-2 XHH XHHW XHHW-2 ZW-2
A60: AWG ó kcmil | B60: COBRE | E60: ALUMINIO RECUBIERTO CON COBRE | H60: mm2
A61: 18 | D61: 18 | H61: 0.82
A62: 16 | D62: 24 | H62: 1.31
A63: 14 | B63: 25 | C63: 30 | D63: 35 | H63: 2.08
A64: 12 | B64: 30 | C64: 35 | D64: 40 | E64: 25 | F64: 30 | G64: 35 | H64: 3.3
A65: 10 | B65: 40 | C65: 50 | D65: 55 | E65: 35 | F65: 40 | G65: 40 | H65: 5.25 | L65: =A70/3.14 -> 0.63694268
A66: 8 | B66: 60 | C66: 70 | D66: 80 | E66: 45 | F66: 55 | G66: 60 | H66: 8.36 | L66: =SQRT(L65) -> 0.79808688
A67: 6 | B67: 80 | C67: 95 | D67: 105 | E67: 60 | F67: 75 | G67: 80 | H67: 13.29 | L67: =L66*2 -> 1.5961738
A68: 4 | B68: 105 | C68: 125 | D68: 140 | E68: 80 | F68: 100 | G68: 110 | H68: 21.14
A69: 3 | B69: 120 | C69: 145 | D69: 165 | E69: 95 | F69: 115 | G69: 130 | H69: 26.66
A70: 2 | B70: 140 | C70: 170 | D70: 190 | E70: 110 | F70: 135 | G70: 150 | H70: 33.62
A71: 1 | B71: 165 | C71: 195 | D71: 220 | E71: 130 | F71: 155 | G71: 175 | H71: 42.2
A72: 1/0 | B72: 195 | C72: 230 | D72: 260 | E72: 150 | F72: 180 | G72: 205 | H72: 53.5
A73: 2/0 | B73: 225 | C73: 265 | D73: 300 | E73: 175 | F73: 210 | G73: 235 | H73: 67.44
A74: 3/0 | B74: 260 | C74: 310 | D74: 350 | E74: 200 | F74: 240 | G74: 275 | H74: 85.02
A75: 4/0 | B75: 300 | C75: 360 | D75: 405 | E75: 135 | F75: 280 | G75: 315 | H75: 107.21
A76: 250 | B76: 340 | C76: 405 | D76: 455 | E76: 265 | F76: 315 | G76: 355 | H76: 126.67
A77: 300 | B77: 375 | C77: 445 | D77: 505 | E77: 290 | F77: 350 | G77: 395 | H77: 152.01
A78: 350 | B78: 420 | C78: 505 | D78: 570 | E78: 330 | F78: 395 | G78: 445 | H78: 177.34
A79: 400 | B79: 455 | C79: 545 | D79: 615 | E79: 355 | F79: 425 | G79: 480 | H79: 202.68
A80: 500 | B80: 515 | C80: 620 | D80: 700 | E80: 405 | F80: 485 | G80: 545 | H80: 253.35
A81: 600 | B81: 575 | C81: 690 | D81: 780 | E81: 455 | F81: 540 | G81: 615 | H81: 304.02
A82: 700 | B82: 630 | C82: 755 | D82: 855 | E82: 500 | F82: 595 | G82: 675 | H82: 354.69
A83: 750 | B83: 655 | C83: 785 | D83: 855 | E83: 515 | F83: 620 | G83: 700 | H83: 380.02
A84: 800 | B84: 680 | C84: 815 | D84: 920 | E84: 535 | F84: 645 | G84: 725 | H84: 405.36
A85: 900 | B85: 730 | C85: 870 | D85: 985 | E85: 580 | F85: 700 | G85: 785 | H85: 456.03
A86: 1000 | B86: 780 | C86: 935 | D86: 1055 | E86: 625 | F86: 750 | G86: 845 | H86: 506.7
A87: 1250 | B87: 890 | C87: 1065 | D87: 1200 | E87: 710 | F87: 855 | G87: 960 | H87: 633.38
... A90: 2000 | B90: 1155 | C90: 1385 | D90: 1560 | E90: 960 | F90: 1150 | G90: 1335 | H90: 1013.04
A92: FACTORES DE CORRECCIÓN POR TEMPERATURA AMBIENTE
A93: Temperatura Ambiente en ºC | B93: Para temperaturas ambientes distintas de 30 ºC, multiplicar las anteriores corrientes por el correspondiente factor de los siguientes | H93: Temperatura Ambiente en ºC
A94: 21-25 | B94: 1.08 | C94: 1.05 | D94: 1.04 | E94: 1.08 | F94: 1.05 | G94: 1.04 | H94: 21-25
A95: 26-30 | B95: 1 | C95: 1 | D95: 1 | E95: 1 | F95: 1 | G95: 1 | H95: 26-30
A96: 31-35 | B96: 0.91 | C96: 0.94 | D96: 0.96 | E96: 0.91 | F96: 0.94 | G96: 0.96 | H96: 31-35
A97: 36-40 | B97: 0.82 | C97: 0.88 | D97: 0.91 | E97: 0.82 | F97: 0.88 | G97: 0.91 | H97: 36-40
A98: 41-45 | B98: 0.71 | C98: 0.82 | D98: 0.87 | E98: 0.71 | F98: 0.82 | G98: 0.87 | H98: 41-45
A99: 46-50 | B99: 0.58 | C99: 0.75 | D99: 0.82 | E99: 0.58 | F99: 0.75 | G99: 0.82 | H99: 46-50
A100: 51-55 | B100: 0.41 | C100: 0.67 | D100: 0.76 | E100: 0.41 | F100: 0.67 | G100: 0.76 | H100: 51-55
A101: 56-60 | C101: 0.58 | D101: 0.71 | F101: 0.58 | G101: 0.71 | H101: 56-60
A102: 61-70 | C102: 0.33 | D102: 0.58 | F102: 0.33 | G102: 0.58 | H102: 61-70
A103: 71-80 | D103: 0.41 | G103: 0.41 | H103: 71-80

Sheet Cap 9 NTC
A1: Porcentaje de sección transversal en tubos conduit y tuberias, para el llenado de conductores (Tabla 1 de la NTC 2050)
A4: Número de conductores | C4: 1 | D4: 2 | E4: Más de 2
A5: Todos los tipos de conductores | C5: 0.53 | D5: 0.31 | E5: 0.4
A7: Propiedades de los conductores (Tabla 8 De La NTC 2050)
A12: Calibre AWG o Kcmil | B12: Sección transv mm² | C12: Conductores | G12: Resistencia en c.c. a 75 ºC | O12: Calibre AWG o Kcmil | P12: Sección transv mm² | Q12: Conductores | U12: Resistencia en c.c. a 75 ºC
C13: Trenzados | E13: Todos | G13: Cobre | I13: Aluminio | Q13: Trenzados | S13: Todos | U13: Cobre | W13: Aluminio
C14: Cantidad | D14: Diam. En mm | E14: Diam. En mm | F14: Seccion mm² | G14: Sin recubrir ohmnios/km | H14: Recubierto ohmnios/km | I14: ohmnios/km | Q14: Cantidad | R14: Diam. En mm | S14: Diam. En mm | T14: Seccion mm² | U14: Sin recubrir ohmnios/km | V14: Recubierto ohmnios/km | W14: ohmnios/km
A15: 18 | B15: 0.82 | C15: 1 | E15: 1.02 | F15: 0.65 | G15: 25.49 | H15: 26.51 | I15: 41.99
A16: 18 | C16: 7 | D16: 0.38 | E16: 1.17 | F16: 1.29 | G16: 26.08 | H16: 27.72 | I16: 42.98 | M16: 0,75 mm² | N16: 18 AWG | O16: 18 | P16: 0.82 | Q16: 7 | R16: 0.38 | S16: 1.17 | T16: 1.29 | U16: 26.08 | V16: 27.72 | W16: 42.98
A17: 16 | B17: 1.31 | C17: 1 | E17: 1.3 | F17: 1.29 | G17: 16.04 | H17: 16.67 | I17: 26.41
A18: 16 | C18: 7 | D18: 0.48 | E18: 1.47 | F18: 1.94 | G18: 16.37 | H18: 17.36 | I18: 26.96 | M18: 1,5 mm² | N18: 16 AWG | O18: 16 | P18: 1.31 | Q18: 7 | R18: 0.48 | S18: 1.47 | T18: 1.94 | U18: 16.37 | V18: 17.36 | W18: 26.96
A19: 14 | B19: 2.08 | C19: 1 | E19: 1.63 | F19: 1.94 | G19: 10.07 | H19: 10.47 | I19: 16.6
A20: 14 | C20: 7 | D20: 0.61 | E20: 1.85 | F20: 2.58 | G20: 10.3 | H20: 10.7 | I20: 16.96 | M20: 2,5 mm² | N20: 14 AWG | O20: 14 | P20: 2.08 | Q20: 7 | R20: 0.61 | S20: 1.85 | T20: 2.58 | U20: 10.3 | V20: 10.7 | W20: 16.96
A21: 12 | B21: 3.31 | C21: 1 | E21: 2.06 | F21: 3.23 | G21: 6.33 | H21: 6.59 | I21: 10.43
A22: 12 | C22: 7 | D22: 0.76 | E22: 2.34 | F22: 3.87 | G22: 6.49 | H22: 6.73 | I22: 10.66 | M22: 4 mm² | N22: 12 AWG | O22: 12 | P22: 3.31 | Q22: 7 | R22: 0.76 | S22: 2.34 | T22: 3.87 | U22: 6.49 | V22: 6.73 | W22: 10.66
A23: 10 | B23: 5.26 | C23: 1 | E23: 2.59 | F23: 5.16 | G23: 3.97 | H23: 4.13 | I23: 6.56
A24: 10 | C24: 7 | D24: 0.97 | E24: 2.95 | F24: 7.1 | G24: 4.07 | H24: 4.23 | I24: 6.69 | M24: 6 mm² | N24: 10 AWG | O24: 10 | P24: 5.26 | Q24: 7 | R24: 0.97 | S24: 2.95 | T24: 7.1 | U24: 4.07 | V24: 4.23 | W24: 6.69
A25: 8 | B25: 8.37 | C25: 1 | E25: 3.25 | F25: 8.39 | G25: 2.51 | H25: 2.58 | I25: 4.13
A26: 8 | C26: 7 | D26: 1.24 | E26: 3.71 | F26: 10.97 | G26: 2.55 | H26: 2.65 | I26: 4.2 | M26: 10 mm² | N26: 8 AWG | O26: 8 | P26: 8.37 | Q26: 7 | R26: 1.24 | S26: 3.71 | T26: 10.97 | U26: 2.55 | V26: 2.65 | W26: 4.2
A27: 6 | B27: 13.3 | C27: 7 | D27: 1.55 | E27: 4.67 | F27: 17.42 | G27: 1.61 | H27: 1.67 | I27: 2.65 | M27: 16 mm² | N27: 6 AWG | O27: 6 | P27: 13.3 | Q27: 7 | R27: 1.55 | S27: 4.67 | T27: 17.42 | U27: 1.61 | V27: 1.67 | W27: 2.65
A28: 4 | B28: 21.15 | C28: 7 | D28: 1.96 | E28: 5.89 | F28: 27.1 | G28: 1.01 | H28: 1.05 | I28: 1.67 | M28: 25 mm² | N28: 4 AWG | O28: 4 | P28: 21.15 | Q28: 7 | R28: 1.96 | S28: 5.89 | T28: 27.1 | U28: 1.01 | V28: 1.05 | W28: 1.67
A29: 3 | B29: 26.66 | C29: 7 | D29: 2.21 | E29: 6.6 | F29: 34.19 | G29: 0.8 | H29: 0.833 | I29: 1.32 | N29: 3 AWG | O29: 3 | P29: 26.66 | Q29: 7 | R29: 2.21 | S29: 6.6 | T29: 34.19 | U29: 0.8 | V29: 0.833 | W29: 1.32
A30: 2 | B30: 33.63 | C30: 7 | D30: 2.46 | E30: 7.42 | F30: 43.23 | G30: 0.64 | H30: 0.659 | I30: 1.05 | M30: 35 mm² | N30: 2 AWG | O30: 2 | P30: 33.63 | Q30: 7 | R30: 2.46 | S30: 7.42 | T30: 43.23 | U30: 0.64 | V30: 0.659 | W30: 1.05
A31: 1 | B31: 42.41 | C31: 19 | D31: 1.68 | E31: 8.43 | F31: 56.13 | G31: 0.51 | H31: 0.525 | I31: 0.83 | M31: 35 mm² | N31: 1 AWG | O31: 1 | P31: 42.41 | Q31: 19 | R31: 1.68 | S31: 8.43 | T31: 56.13 | U31: 0.51 | V31: 0.525 | W31: 0.83
A32: 1/0 | B32: 53.51 | C32: 19 | D32: 1.88 | E32: 9.45 | F32: 70.32 | G32: 0.4 | H32: 0.417 | I32: 0.66 | M32: 50 mm² | N32: 1/0 AWG | O32: 1/0 | P32: 53.51 | Q32: 19 | R32: 1.88 | S32: 9.45 | T32: 70.32 | U32: 0.4 | V32: 0.417 | W32: 0.66
A33: 2/0 | B33: 67.44 | C33: 19 | D33: 2.13 | E33: 10.62 | F33: 88.39 | G33: 0.317 | H33: 0.331 | I33: 0.52 | M33: 75 mm² | N33: 2/0 AWG | O33: 2/0 | P33: 67.44 | Q33: 19 | R33: 2.13 | S33: 10.62 | T33: 88.39 | U33: 0.317 | V33: 0.331 | W33: 0.52
A34: 3/0 | B34: 85.03 | C34: 19 | D34: 2.39 | E34: 11.94 | F34: 111.61 | G34: 0.251 | H34: 0.261 | I34: 0.41 | M34: 95 mm² | N34: 3/0 AWG | O34: 3/0 | P34: 85.03 | Q34: 19 | R34: 2.39 | S34: 11.94 | T34: 111.61 | U34: 0.251 | V34: 0.261 | W34: 0.41
A35: 4/0 | B35: 107.22 | C35: 19 | D35: 2.69 | E35: 13.41 | F35: 141.29 | G35: 0.199 | H35: 0.205 | I35: 0.33 | M35: 95 mm² | N35: 4/0 AWG | O35: 4/0 | P35: 107.22 | Q35: 19 | R35: 2.69 | S35: 13.41 | T35: 141.29 | U35: 0.199 | V35: 0.205 | W35: 0.33
A37: Resistencia eléctrica c.a. y reactancia inductiva para Cables de Cobre, instalación trifásica para 600V a 60Hz y 75oC. Tres conductores sencillos en tubo conduit (Tabla 9 De La NTC 2050)
D40: Resistencia en c.a. alambres de cobre descubiertos | F40: Resistencia en c.a. alambres de aluminio descubiertos | R40: COBRE | T40: ALUMINIO
B42: Reactancia (XL) | P42: Reactancia (XL)
A43: Calibre AWG o Kcmil | B43: Conduit de PVC y Al | C43: Conduit de acero | D43: Conduit de PVC | E43: Conduit de acero | F43: Conduit de PVC | G43: Conduit de acero | O43: Calibre AWG o Kcmil | P43: CONDUIT PVC | Q43: CONDUIT METAL | R43: CONDUIT PVC | S43: CONDUIT METAL | T43: CONDUIT PVC | U43: CONDUIT METAL
A44: 14 | B44: 0.19 | C44: 0.24 | D44: 10.17 | E44: 10.17 | N44: 14 AWG | O44: 14 | P44: 0.19 | Q44: 0.24 | R44: 10.17 | S44: 10.17
A45: 12 | B45: 0.177 | C45: 0.223 | D45: 6.56 | E45: 6.56 | F45: 10.49 | G45: 10.49 | N45: 12 AWG | O45: 12 | P45: 0.177 | Q45: 0.223 | R45: 6.56 | S45: 6.56 | T45: 10.49 | U45: 10.49
A46: 10 | B46: 0.164 | C46: 0.207 | D46: 3.94 | E46: 3.94 | F46: 6.56 | G46: 6.56 | N46: 10 AWG | O46: 10 | P46: 0.164 | Q46: 0.207 | R46: 3.94 | S46: 3.94 | T46: 6.56 | U46: 6.56
A47: 8 | B47: 0.171 | C47: 0.213 | D47: 2.56 | E47: 2.56 | F47: 4.27 | G47: 4.27 | N47: 8 AWG | O47: 8 | P47: 0.171 | Q47: 0.213 | R47: 2.56 | S47: 2.56 | T47: 4.27 | U47: 4.27
A48: 6 | B48: 0.167 | C48: 0.21 | D48: 1.61 | E48: 1.61 | F48: 2.66 | G48: 2.66 | N48: 6 AWG | O48: 6 | P48: 0.167 | Q48: 0.21 | R48: 1.61 | S48: 1.61 | T48: 2.66 | U48: 2.66
A49: 4 | B49: 0.157 | C49: 0.197 | D49: 1.02 | E49: 1.02 | F49: 1.67 | G49: 1.67 | N49: 4 AWG | O49: 4 | P49: 0.157 | Q49: 0.197 | R49: 1.02 | S49: 1.02 | T49: 1.67 | U49: 1.67
A50: 3 | B50: 0.154 | C50: 0.194 | D50: 0.82 | E50: 0.82 | F50: 1.31 | G50: 1.31 | N50: 3 AWG | O50: 3 | P50: 0.154 | Q50: 0.194 | R50: 0.82 | S50: 0.82 | T50: 1.31 | U50: 1.31
A51: 2 | B51: 0.148 | C51: 0.187 | D51: 0.623 | E51: 0.623 | F51: 1.05 | G51: 1.05 | N51: 2 AWG | O51: 2 | P51: 0.148 | Q51: 0.187 | R51: 0.623 | S51: 0.623 | T51: 1.05 | U51: 1.05
A52: 1 | B52: 0.151 | C52: 0.187 | D52: 0.525 | E52: 0.525 | F52: 0.82 | G52: 0.82 | N52: 1 AWG | O52: 1 | P52: 0.151 | Q52: 0.187 | R52: 0.525 | S52: 0.525 | T52: 0.82 | U52: 0.82
A53: 1/0 | B53: 0.144 | C53: 0.18 | D53: 0.394 | E53: 0.394 | F53: 0.656 | G53: 0.656 | N53: 1/0 AWG | O53: 1/0 | P53: 0.144 | Q53: 0.18 | R53: 0.394 | S53: 0.394 | T53: 0.656 | U53: 0.656
A54: 2/0 | B54: 0.141 | C54: 0.177 | D54: 0.328 | E54: 0.328 | F54: 0.525 | G54: 0.525 | N54: 2/0 AWG | O54: 2/0 | P54: 0.141 | Q54: 0.177 | R54: 0.328 | S54: 0.328 | T54: 0.525 | U54: 0.525
A55: 3/0 | B55: 0.138 | C55: 0.171 | D55: 0.253 | E55: 0.259 | F55: 0.427 | G55: 0.427 | N55: 3/0 AWG | O55: 3/0 | P55: 0.138 | Q55: 0.171 | R55: 0.253 | S55: 0.259 | T55: 0.427 | U55: 0.427
A56: 4/0 | B56: 0.135 | C56: 0.167 | D56: 0.203 | E56: 0.207 | F56: 0.328 | G56: 0.328 | N56: 4/0 AWG | O56: 4/0 | P56: 0.135 | Q56: 0.167 | R56: 0.203 | S56: 0.207 | T56: 0.328 | U56: 0.328
A57: 250 | B57: 0.135 | C57: 0.171 | D57: 0.171 | E57: 0.177 | F57: 0.279 | G57: 0.282 | N57: 250 kcmil | O57: 250 | P57: 0.135 | Q57: 0.171 | R57: 0.171 | S57: 0.177 | T57: 0.279 | U57: 0.282
A58: 300 | B58: 0.135 | C58: 0.167 | D58: 0.144 | E58: 0.148 | F58: 0.233 | G58: 0.236 | N58: 300 kcmil | O58: 300 | P58: 0.135 | Q58: 0.167 | R58: 0.144 | S58: 0.148 | T58: 0.233 | U58: 0.236
A59: 350 | B59: 0.131 | C59: 0.164 | D59: 0.125 | E59: 0.128 | F59: 0.2 | G59: 0.206 | N59: 350 kcmil | O59: 350 | P59: 0.131 | Q59: 0.164 | R59: 0.125 | S59: 0.128 | T59: 0.2 | U59: 0.206
A60: 400 | B60: 0.131 | C60: 0.161 | D60: 0.108 | E60: 0.115 | F60: 0.177 | G60: 0.18 | N60: 400 kcmil | O60: 400 | P60: 0.131 | Q60: 0.161 | R60: 0.108 | S60: 0.115 | T60: 0.177 | U60: 0.18
A61: 500 | B61: 0.128 | C61: 0.157 | D61: 0.089 | E61: 0.095 | F61: 0.141 | G61: 0.148 | N61: 500 kcmil | O61: 500 | P61: 0.128 | Q61: 0.157 | R61: 0.089 | S61: 0.095 | T61: 0.141 | U61: 0.148
A62: 600 | B62: 0.129 | C62: 0.157 | D62: 0.075 | E62: 0.082 | F62: 0.118 | G62: 0.125 | N62: 600 kcmil | O62: 600 | P62: 0.129 | Q62: 0.157 | R62: 0.075 | S62: 0.082 | T62: 0.118 | U62: 0.125
A63: 750 | B63: 0.125 | C63: 0.157 | D63: 0.065 | E63: 0.069 | F63: 0.095 | G63: 0.102 | N63: 750 kcmil | O63: 750 | P63: 0.125 | Q63: 0.157 | R63: 0.065 | S63: 0.069 | T63: 0.095 | U63: 0.102
A64: 1000 | B64: 0.121 | C64: 0.151 | D64: 0.049 | E64: 0.059 | F64: 0.075 | G64: 0.082 | N64: 1000 kcmil | O64: 1000 | P64: 0.121 | Q64: 0.151 | R64: 0.049 | S64: 0.059 | T64: 0.075 | U64: 0.082

Sheet Tuberia
A1: CANALIZACIONES
B2: EMT | C2: IMC | D2: CONDUIT PVC | E2: CORAZA LIQUID TIGHT
A3: Diámetro nominal (NPS) | B3: Diámetro interior (mm) | C3: Diámetro interior (mm) | D3: Diámetro interior (mm) | E3: Diámetro interior (mm)
A4: 3/8" | B4: N/A | C4: N/A | D4: N/A | E4: =H38 -> 12
A5: 1/2" | B5: =E21-(2*F21) -> 15.7988 | C5: =N23-(2*O23) -> 16.256 | D5: =D38-(2*E38) -> 18.3 | E5: =H39 -> 15
A6: 3/4" | B6: =E22-(2*F22) -> 20.9296 | C6: =N24-(2*O24) -> 21.4376 | D6: =D39-(2*E39) -> 23.63 | E6: =H40 -> 20
A7: 1" | B7: =E23-(2*F23) -> 26.6446 | C7: =N25-(2*O25) -> 27.559 | D7: =D40-(2*E40) -> 30.36 | E7: =H41 -> 25
A8: 1 1/4" | B8: =E24-(2*F24) -> 35.052 | C8: =N26-(2*O26) -> 36.068 | D8: =D41-(2*E41) -> 38.6 | E8: =H42 -> 34
A9: 1 1/2" | B9: =E25-(2*F25) -> 40.894 | C9: =N27-(2*O27) -> 42.037 | D9: =D42-(2*E42) -> 44.2 | E9: =H43 -> 39
A10: 2" | B10: =E26-(2*F26) -> 52.5018 | C10: =N28-(2*O28) -> 53.8988 | D10: =D43-(2*E43) -> 55.24 | E10: =H44 -> 50
A11: 2 1/2" | B11: =E27-(2*F27) -> 69.3674 | C11: =N29-(2*O29) -> 64.1858 | D11: N/A | E11: =H45 -> 62
A12: 3" | B12: =E28-(2*F28) -> 85.2424 | C12: =N30-(2*O30) -> 79.9084 | D12: N/A | E12: =H46 -> 81
A13: 3 1/2" | B13: =E29-(2*F29) -> 97.3836 | C13: N/A | D13: N/A | E13: N/A
A14: 4" | B14: =E30-(2*F30) -> 110.0836 | C14: =N31-(2*O31) -> 105.0544 | D14: N/A | E14: =H47 -> 104
A18: TUBERIA EMT | H18: TUBERIA IMC y RIGID
A19: MARCA | B19: COLMENA | H19: MARCA | I19: COLMENA
A20: Diámetro nominal (NPS) | B20: Diámetro exterior (Pulg,) | C20: Espesor pared (Pulg,) | D20: Peso mínimo (Kg,) | E20: Diámetro exterior (mm) | F20: Espesor pared (mm) | H20: DIAMETRO NOMINAL NPS | I20: DIAMETRO EXTERIOR | K20: ESPESOR DE PARED | M20: PESO TUBO 3 M (Kg) | N20: Diámetro exterior (mm) | O20: Espesor pared (mm)
A21: 1/2" | B21: 0.706 | C21: 0.042 | D21: 1.29 | E21: =B21*25.4 -> 17.9324 | F21: =C21*25.4 -> 1.0668 | I21: MAXIMO | J21: MINIMO | K21: MAXIMO | L21: MINIMO
A22: 3/4" | B22: 0.922 | C22: 0.049 | D22: 1.97 | E22: =B22*25.4 -> 23.4188 | F22: =C22*25.4 -> 1.2446 | I22: (pulg,) | J22: (Pulg,) | K22: (pulg,) | L22: (Pulg,)
A23: 1" | B23: 1.163 | C23: 0.057 | D23: 2.9 | E23: =B23*25.4 -> 29.5402 | F23: =C23*25.4 -> 1.4478 | H23: 1/2" | I23: 0.82 | J23: 0.81 | K23: 0.085 | L23: 0.07 | M23: 3.09 | N23: =J23*25.4 -> 20.574 | O23: =K23*25.4 -> 2.159
A24: 1 1/4" | B24: 1.51 | C24: 0.065 | D24: 4.31 | E24: =B24*25.4 -> 38.354 | F24: =C24*25.4 -> 1.651 | H24: 3/4" | I24: 1.034 | J24: 1.024 | K24: 0.09 | L24: 0.075 | M24: 4.07 | N24: =J24*25.4 -> 26.0096 | O24: =K24*25.4 -> 2.286
A25: 1 1/2" | B25: 1.74 | C25: 0.065 | D25: 4.99 | E25: =B25*25.4 -> 44.196 | F25: =C25*25.4 -> 1.651 | H25: 1" | I25: 1.295 | J25: 1.285 | K25: 0.1 | L25: 0.085 | M25: 5.74 | N25: =J25*25.4 -> 32.639 | O25: =K25*25.4 -> 2.54
A26: 2" | B26: 2.197 | C26: 0.065 | D26: 6.35 | E26: =B26*25.4 -> 55.8038 | F26: =C26*25.4 -> 1.651 | H26: 1 1/4" | I26: 1.645 | J26: 1.63 | K26: 0.105 | L26: 0.085 | M26: 7.508 | N26: =J26*25.4 -> 41.402 | O26: =K26*25.4 -> 2.667
A27: 2 1/2" | B27: 2.875 | C27: 0.072 | D27: 9.3 | E27: =B27*25.4 -> 73.025 | F27: =C27*25.4 -> 1.8288 | H27: 1 1/2" | I27: 1.89 | J27: 1.875 | K27: 0.11 | L27: 0.09 | M27: 9.18 | N27: =J27*25.4 -> 47.625 | O27: =K27*25.4 -> 2.794
A28: 3" | B28: 3.5 | C28: 0.072 | D28: 11.34 | E28: =B28*25.4 -> 88.9 | F28: =C28*25.4 -> 1.8288 | H28: 2" | I28: 2.367 | J28: 2.352 | K28: 0.115 | L28: 0.095 | M28: 12.155 | N28: =J28*25.4 -> 59.7408 | O28: =K28*25.4 -> 2.921
A29: 3 1/2" | B29: 4 | C29: 0.083 | D29: 14.74 | E29: =B29*25.4 -> 101.6 | F29: =C29*25.4 -> 2.1082 | H29: 2 1/2" | I29: 2.867 | J29: 2.847 | K29: 0.16 | L29: 0.14 | M29: 20.51 | N29: =J29*25.4 -> 72.3138 | O29: =K29*25.4 -> 4.064
A30: 4" | B30: 4.5 | C30: 0.083 | D30: 16.78 | E30: =B30*25.4 -> 114.3 | F30: =C30*25.4 -> 2.1082 | H30: 3" | I30: 3.486 | J30: 3.466 | K30: 0.16 | L30: 0.14 | M30: 25.07 | N30: =J30*25.4 -> 88.0364 | O30: =K30*25.4 -> 4.064
D31: =B24-2*C24 -> 1.38 | H31: 4" | I31: 4.476 | J31: 4.456 | K31: 0.16 | L31: 0.14 | M31: 32.53 | N31: =J31*25.4 -> 113.1824 | O31: =K31*25.4 -> 4.064
H32: 6" | I32: - | J32: - | K32: - | L32: - | M32: -
H33: INTERMEDIATE METAL CONDUIT IMC ANSI C 80,6 (NTC -169); UL 1242
A35: CONDUIT PVC | G35: CORAZA LIQUID TIGHT
A36: MARCA | B36: PAVCO | G36: MARCA | H36: COR-ACERO
A37: Diámetro nominal (NPS) | B37: Diámetro exterior (mm) | C37: Espesor pared (mm) | D37: Diámetro exterior (mm) | E37: Espesor pared (mm) | G37: Diámetro nominal (NPS) | H37: Diámetro interior (mm)
A38: 1/2" | B38: 21.34 | C38: 1.52 | D38: =B38 -> 21.34 | E38: =C38 -> 1.52 | G38: 3/8" | H38: =12.4-0.4 -> 12
A39: 3/4" | B39: 26.67 | C39: 1.52 | D39: =B39 -> 26.67 | E39: =C39 -> 1.52 | G39: 1/2" | H39: 15
A40: 1" | B40: 33.4 | C40: 1.52 | D40: =B40 -> 33.4 | E40: =C40 -> 1.52 | G40: 3/4" | H40: 20
A41: 1 1/4" | B41: 42.16 | C41: 1.78 | D41: =B41 -> 42.16 | E41: =C41 -> 1.78 | G41: 1" | H41: 25
A42: 1 1/2" | B42: 48.26 | C42: 2.03 | D42: =B42 -> 48.26 | E42: =C42 -> 2.03 | G42: 1 1/4" | H42: 34
A43: 2" | B43: 60.32 | C43: 2.54 | D43: =B43 -> 60.32 | E43: =C43 -> 2.54 | G43: 1 1/2" | H43: 39
G44: 2" | H44: 50
G45: 2 1/2" | H45: 62
G46: 3" | H46: 81
G47: 4" | H47: 104
G50: CONVERSION DE CALIBRES DE CABLES
G51: AWG to mm2
G52: AWG | H52: Sección [mm²]*
G53: 20 AWG | H53: 0.52
G54: 18 AWG | H54: 0.82
G55: 16 AWG | H55: 1.31
G56: 14 AWG | H56: 2.08
G57: 12 AWG | H57: 3.3
G58: 10 AWG | H58: 5.25
G59: 8 AWG | H59: 8.36
G60: 6 AWG | H60: 13.29
G61: 4 AWG | H61: 21.14
G62: 2 AWG | H62: 33.62
G63: 1 AWG | H63: 42.4
G64: 1/0 AWG | H64: 53.5
... G76: 1000 kcmil | H76: 506.7

Sheet Bandejas
A1: BANDEJA PORTA CABLES TIPO ESCALERA
A2: MARCA | B2: MECANO
A3: CLASE DE BANDEJA | B3: ALTURA TOTAL [cm] | C3: ANCHO [cm] | D3: PASO ENTRE PELDAÑOS [cm]
A4: LIVIANA | B4: 5 | C4: 10 | D4: 10
A5: LIVIANA | B5: 5 | C5: 20 | D5: 10
A6: LIVIANA | B6: 5 | C6: 30 | D6: 10
A7: LIVIANA | B7: 5 | C7: 10 | D7: 25
A8: LIVIANA | B8: 5 | C8: 20 | D8: 25
A9: LIVIANA | B9: 5 | C9: 30 | D9: 25

Sheet Cables
A1: mm2 to AWG | F1: AWG to mm2
A2: mm² | B2: mm² | C2: [mm²]* | D2: AWG | F2: AWG | G2: mm2 | H2: mm²
A3: 0,5 mm² | B3: 0.5 | C3: 0.52 | D3: 20 AWG | F3: 20 AWG | G3: 0.5 | H3: 0,5 mm²
A4: 0,75 mm² | B4: 0.75 | C4: 0.82 | D4: 18 AWG | F4: 18 AWG | G4: 0.75 | H4: 0,75 mm²
A5: 1,5 mm² | B5: 1.5 | C5: 1.31 | D5: 16 AWG | F5: 16 AWG | G5: 1.5 | H5: 1,5 mm²
A6: 2,5 mm² | B6: 2.5 | C6: 2.08 | D6: 14 AWG | F6: 14 AWG | G6: 2.5 | H6: 2,5 mm²
A7: 4 mm² | B7: 4 | C7: 3.3 | D7: 12 AWG | F7: 12 AWG | G7: 4 | H7: 4 mm²
A8: 6 mm² | B8: 6 | C8: 5.25 | D8: 10 AWG | F8: 10 AWG | G8: 6 | H8: 6 mm²
A9: 10 mm² | B9: 10 | C9: 8.36 | D9: 8 AWG | F9: 8 AWG | G9: 10 | H9: 10 mm²
A10: 16 mm² | B10: 16 | C10: 13.29 | D10: 6 AWG | F10: 6 AWG | G10: 16 | H10: 16 mm²
A11: 25 mm² | B11: 25 | C11: 21.14 | D11: 4 AWG | F11: 4 AWG | G11: 25 | H11: 25 mm²
A12: 35 mm² | B12: 35 | C12: 33.62 | D12: 2 AWG | F12: 2 AWG | G12: 35 | H12: 35 mm²
A13: 35 mm² | B13: 35 | C13: 42.4 | D13: 1 AWG | F13: 1 AWG | G13: 35 | H13: 35 mm²
A14: 50 mm² | B14: 50 | C14: 53.5 | D14: 1/0 AWG | F14: 1/0 AWG | G14: 50 | H14: 50 mm²
... A28: 500 mm² | B28: 500 | C28: 506.7 | D28: 1000 kcmil | F28: 1000 kcmil | G28: 500 | H28: 500 mm²

Sheet Listas
A1: MATERIAL DEL CONDUCTOR | B1: TEMPERATURA NOMINAL DE LOS CONDUCTORES [°C] | C1: Calibre AWG ó kcmil | D1: TIPO DE CANALIZACIONES | E1: Diámetro nominal (NPS) | F1: TIPO DE SOPORTE CABLES | H1: PARALELO
A2: ALUMINIO | B2: 60 ºC | C2: 18 AWG | D2: EMT | E2: 3/8" | F2: BANDEJA PORTACABLES | G2: CONDUIT PVC | H2: SIN PARALELO
A3: ALUMINIO RECUBIERTO DE COBRE | B3: 75 ºC | C3: 16 AWG | D3: IMC | E3: 1/2" | F3: TUBERIA | G3: CONDUIT METAL | H3: CONECTOR MC4 EN Y
A4: COBRE | B4: 90 ºC | C4: 14 AWG | D4: CONDUIT PVC | E4: 3/4" | F4: CABLEADO AL AIRE LIBRE | H4: COMBINER BOX
B5: 120 ºC | C5: 12 AWG | D5: CORAZA LIQUID TIGHT | E5: 1"
C6: 10 AWG | E6: 1 1/4"
C7: 8 AWG | E7: 1 1/2"
C8: 6 AWG | E8: 2"
C9: 4 AWG | E9: 2 1/2"
C10: 3 AWG | E10: 3"
C11: 2 AWG | E11: 3 1/2"
C12: 1 AWG | E12: 4"
C13: 1/0 AWG
C14: 2/0 AWG
C15: 3/0 AWG
C16: 4/0 AWG
C17: 250 kcmil
C18: 300 kcmil
C19: 350 kcmil
C20: 400 kcmil
C21: 500 kcmil
C22: 600 kcmil
C23: 700 kcmil
C24: 750 kcmil
... C31: 2000 kcmil

Sheet TABLA 2
A1: Capacidad de corriente permisible en conductores aislados para 0 a 2000 V nominales al aire libre y temperatura ambiente de 30 °C. (TABLA 310-16 NTC 2050)
A3: Sección Tranversal | B3: Temperatura Nominal Del Conductor | H3: Calibre
B4: 60 ºC | C4: 75 ºC | D4: 90 ºC | E4: 60 ºC | F4: 75 ºC | G4: 90 ºC
B5: Tipos | C5: Tipos | D5: Tipos | E5: Tipos | F5: Tipos | G5: Tipos
B6: S TW UF | C6: FEPW RH RHW THHW THW THWN XHHW USE ZW | D6: TBS SA SIS FEP FEPB MI RHH RHW-2 THHN THHW THW-2 THWN-2 USE-2 XHH XHHW XHHW-2 ZW-2 | E6: TW UF | F6: RH RHW THHW THW THWN XHHW USE | G6: TBS SA SIS THHN THHW THW-2 THWN-2 RHH RHW-2 USE-2 XHH XHHW XHHW-2 ZW-2
A7: mm2 | B7: COBRE | E7: ALUMINIO RECUBIERTO CON COBRE | H7: AWG ó kcmil
A8: 0.82 | D8: 18 | H8: 18
A9: 1.31 | D9: 24 | H9: 16
A10: 2.08 | B10: 25 | C10: 30 | D10: 35 | H10: 14
A11: 3.3 | B11: 30 | C11: 35 | D11: 40 | E11: 25 | F11: 30 | G11: 35 | H11: 12
A12: 5.25 | B12: 40 | C12: 50 | D12: 55 | E12: 35 | F12: 40 | G12: 40 | H12: 10 | L12: =A17/3.14 -> 10.707006
A13: 8.36 | B13: 60 | C13: 70 | D13: 80 | E13: 45 | F13: 55 | G13: 60 | H13: 8 | L13: =SQRT(L12) -> 3.2721562
A14: 13.29 | B14: 80 | C14: 95 | D14: 105 | E14: 60 | F14: 75 | G14: 80 | H14: 6 | L14: =L13*2 -> 6.5443125
A15: 21.14 | B15: 105 | C15: 125 | D15: 140 | E15: 80 | F15: 100 | G15: 110 | H15: 4
A16: 26.66 | B16: 120 | C16: 145 | D16: 165 | E16: 95 | F16: 115 | G16: 130 | H16: 3
A17: 33.62 | B17: 140 | C17: 170 | D17: 190 | E17: 110 | F17: 135 | G17: 150 | H17: 2
A18: 42.2 | B18: 165 | C18: 195 | D18: 220 | E18: 130 | F18: 155 | G18: 175 | H18: 1
A19: 53.5 | B19: 195 | C19: 230 | D19: 260 | E19: 150 | F19: 180 | G19: 205 | H19: 1/0
A20: 67.44 | B20: 225 | C20: 265 | D20: 300 | E20: 175 | F20: 210 | G20: 235 | H20: 2/0
A21: 85.02 | B21: 260 | C21: 310 | D21: 350 | E21: 200 | F21: 240 | G21: 275 | H21: 3/0
A22: 107.21 | B22: 300 | C22: 360 | D22: 405 | E22: 135 | F22: 280 | G22: 315 | H22: 4/0
A23: 126.67 | B23: 340 | C23: 405 | D23: 455 | E23: 265 | F23: 315 | G23: 355 | H23: 250
A24: 152.01 | B24: 375 | C24: 445 | D24: 505 | E24: 290 | F24: 350 | G24: 395 | H24: 300
A25: 177.34 | B25: 420 | C25: 505 | D25: 570 | E25: 330 | F25: 395 | G25: 445 | H25: 350
A26: 202.68 | B26: 455 | C26: 545 | D26: 615 | E26: 355 | F26: 425 | G26: 480 | H26: 400
A27: 253.35 | B27: 515 | C27: 620 | D27: 700 | E27: 405 | F27: 485 | G27: 545 | H27: 500
A28: 304.02 | B28: 575 | C28: 690 | D28: 780 | E28: 455 | F28: 540 | G28: 615 | H28: 600
A29: 354.69 | B29: 630 | C29: 755 | D29: 855 | E29: 500 | F29: 595 | G29: 675 | H29: 700
A30: 380.02 | B30: 655 | C30: 785 | D30: 855 | E30: 515 | F30: 620 | G30: 700 | H30: 750
A31: 405.36 | B31: 680 | C31: 815 | D31: 920 | E31: 535 | F31: 645 | G31: 725 | H31: 800
A32: 456.03 | B32: 730 | C32: 870 | D32: 985 | E32: 580 | F32: 700 | G32: 785 | H32: 900
A33: 506.7 | B33: 780 | C33: 935 | D33: 1055 | E33: 625 | F33: 750 | G33: 845 | H33: 1000
A34: 633.38 | B34: 890 | C34: 1065 | D34: 1200 | E34: 710 | F34: 855 | G34: 960 | H34: 1250
... A37: 1013.04 | B37: 1155 | C37: 1385 | D37: 1560 | E37: 960 | F37: 1150 | G37: 1335 | H37: 2000
A39: FACTORES DE CORRECCIÓN POR TEMPERATURA AMBIENTE
A40: Temperatura Ambiente en ºC | B40: Para temperaturas ambientes distintas de 30 ºC, multiplicar las anteriores corrientes por el correspondiente factor de los siguientes | H40: Temperatura Ambiente en ºC
A41: 21-25 | B41: 1.08 | C41: 1.05 | D41: 1.04 | E41: 1.08 | F41: 1.05 | G41: 1.04 | H41: 21-25
A42: 26-30 | B42: 1 | C42: 1 | D42: 1 | E42: 1 | F42: 1 | G42: 1 | H42: 26-30
A43: 31-35 | B43: 0.91 | C43: 0.94 | D43: 0.96 | E43: 0.91 | F43: 0.94 | G43: 0.96 | H43: 31-35
A44: 36-40 | B44: 0.82 | C44: 0.88 | D44: 0.91 | E44: 0.82 | F44: 0.88 | G44: 0.91 | H44: 36-40
A45: 41-45 | B45: 0.71 | C45: 0.82 | D45: 0.87 | E45: 0.71 | F45: 0.82 | G45: 0.87 | H45: 41-45
A46: 46-50 | B46: 0.58 | C46: 0.75 | D46: 0.82 | E46: 0.58 | F46: 0.75 | G46: 0.82 | H46: 46-50
A47: 51-55 | B47: 0.41 | C47: 0.67 | D47: 0.76 | E47: 0.41 | F47: 0.67 | G47: 0.76 | H47: 51-55
A48: 56-60 | C48: 0.58 | D48: 0.71 | F48: 0.58 | G48: 0.71 | H48: 56-60
A49: 61-70 | C49: 0.33 | D49: 0.58 | F49: 0.33 | G49: 0.58 | H49: 61-70
A50: 71-80 | D50: 0.41 | G50: 0.41 | H50: 71-80

Sheet regulaciondelsistema
A1: STRING | B1: % REG DC | C1: STRING | D1: DISTANCIA ENTRE FV E INVERSOR [m] | E1: CORRIENTE DE CARGA (Impp) [A] | F1: CANTIDAD DE MÓDULOS DEL STRING | G1: VOLTAJE DEL STRING (Vmpp) [V DC] | H1: MATERIAL DEL CONDUCTOR | I1: CALIBRE CONDUCTOR | J1: RESISTENCIA OHM/KM @75ºC | K1: % REG | L1: %REG TOTAL DC | M1: INVERSOR | N1: LONGITUD ENTRE INVERSORES Y TABLERO FV AC [m] | O1: CORRIENTE DE CARGA [A] | P1: TENSIÓN ACOMETIDA [V] | Q1: MATERIAL DEL CONDUCTOR | R1: CALIBRE CONDUCTOR | S1: IMPEDANCIA EQUIVALENTE [Ohm/km] | T1: % REG | U1: LONGITUD ENTRE TABLERO FV AC Y TABLERO PPAL [m] | V1: CORRIENTE DE CARGA [A] | W1: VOLTAJE ACOMETIDA [V] | X1: MATERIAL DEL CONDUCTOR | Y1: CALIBRE CONDUCTOR | Z1: IMPEDANCIA EQUIVALENTE [Ohm/km] | AA1: % REG | AB1: % REG TOTAL AC | AC1: % REG TOTAL SISTEMA
A2: =C2 -> 1.1.1 | B2: =K2 -> 0.00965318 | C2: =Regulación_Voltaje!A4 -> 1.1.1 | D2: =Regulación_Voltaje!B4 -> 20 | E2: =Regulación_Voltaje!C4 -> 13.03 | F2: =Regulación_Voltaje!D4 -> 7 | G2: =Regulación_Voltaje!E4 -> 363.37 | H2: =Regulación_Voltaje!F4 -> COBRE | I2: =Regulación_Voltaje!G4 -> 4 mm² | J2: =Regulación_Voltaje!H4 -> 6.73 | K2: =Regulación_Voltaje!I4 -> 0.00965318 | L2: =Regulación_Voltaje!R4 -> 0.00965318 | M2: =Regulación_Voltaje!S4 -> 1 | N2: =Regulación_Voltaje!T4 -> 2.5 | O2: =Regulación_Voltaje!U4 -> 45.5 | P2: =Regulación_Voltaje!V4 -> 220 | Q2: =Regulación_Voltaje!W4 -> COBRE | R2: =Regulación_Voltaje!X4 -> 10 AWG | S2: =Regulación_Voltaje!Y4 -> 3.94 | ... AA2: =Regulación_Voltaje!AG4 -> 0.0028227704 | AB2: =Regulación_Voltaje!AO4 -> 0.0063512335 | AC2: =Regulación_Voltaje!AP4 -> 0.019532876
A3: =C3 -> 1.2.1 | B3: =K3 -> 0.0075080289 | C3: =Regulación_Voltaje!A5 -> 1.2.1 | D3: =Regulación_Voltaje!B5 -> 20 | E3: =Regulación_Voltaje!C5 -> 13.03 | F3: =Regulación_Voltaje!D5 -> 9 | G3: =Regulación_Voltaje!E5 -> 467.19 | H3: =Regulación_Voltaje!F5 -> COBRE | I3: =Regulación_Voltaje!G5 -> 4 mm² | J3: =Regulación_Voltaje!H5 -> 6.73 | K3: =Regulación_Voltaje!I5 -> 0.0075080289 | L3: =Regulación_Voltaje!R5 -> 0.00965318
A4: =C4 -> 2.1.1 | B4: =K4 -> 0.00965318 | C4: =Regulación_Voltaje!A6 -> 2.1.1 | D4: =Regulación_Voltaje!B6 -> 20 | E4: =Regulación_Voltaje!C6 -> 13.03 | F4: =Regulación_Voltaje!D6 -> 7 | G4: =Regulación_Voltaje!E6 -> 363.37 | H4: =Regulación_Voltaje!F6 -> COBRE | I4: =Regulación_Voltaje!G6 -> 4 mm² | J4: =Regulación_Voltaje!H6 -> 6.73 | K4: =Regulación_Voltaje!I6 -> 0.00965318 | L4: =Regulación_Voltaje!R6 -> 0.00965318
A5: =C5 -> 2.2.1 | B5: =K5 -> 0.0081802146 | C5: =Regulación_Voltaje!A7 -> 2.2.1 | D5: =Regulación_Voltaje!B7 -> 20 | E5: =Regulación_Voltaje!C7 -> 13.03 | F5: =Regulación_Voltaje!D7 -> 8 | G5: =Regulación_Voltaje!E7 -> 428.8 | H5: =Regulación_Voltaje!F7 -> COBRE | I5: =Regulación_Voltaje!G7 -> 4 mm² | J5: =Regulación_Voltaje!H7 -> 6.73 | K5: =Regulación_Voltaje!I7 -> 0.0081802146 | L5: =Regulación_Voltaje!R7 -> 0
C7: INVERSOR | D7: % REG AC | E7: % REGULACION TOTAL
C8: 1 | D8: =AB2+AI2 -> 0.0063512335 | E8: =AC2 -> 0.019532876

Sheet perdidasdeenergia
A1: STRING | B1: DISTANCIA ENTRE FV E INVERSOR [m] | C1: CORRIENTE DE CARGA (Impp) [A] | D1: CANTIDAD DE MÓDULOS DEL STRING | E1: VOLTAJE DEL STRING (Vmpp) [V DC] | F1: MATERIAL DEL CONDUCTOR | G1: CALIBRE CONDUCTOR | H1: RESISTENCIA OHM/KM @75ºC | I1: PÉRDIDAS DE POTENCIA [W] | J1: PÉRDIDAS DE ENERGIA ENTRE FV E INVERSOR [kWh/mes] | K1: INVERSOR | L1: LONGITUD ENTRE INVERSORES Y TABLERO FV AC [m] | M1: CORRIENTE DE CARGA [A] | N1: TENSIÓN ACOMETIDA [V] | O1: MATERIAL DEL CONDUCTOR | P1: CALIBRE CONDUCTOR | Q1: IMPEDANCIA EQUIVALENTE [Ohm/km] | R1: PÉRDIDAS DE POTENCIA [W] | S1: PÉRDIDAS DE ENERGIA INV - TABLERO FV AC [kWh/mes] | T1: LONGITUD ENTRE TABLERO FV AC Y TABLERO PPAL [m] | U1: CORRIENTE DE CARGA [A] | V1: VOLTAJE ACOMETIDA [V] | W1: MATERIAL DEL CONDUCTOR | X1: CALIBRE CONDUCTOR | Y1: IMPEDANCIA EQUIVALENTE [Ohm/km] | Z1: PÉRDIDAS DE POTENCIA [W] | AA1: PÉRDIDAS DE ENERGIA TABLERO FV AC - TABLERO PPAL [kWh/mes]
A2: ='Perdidas P_E '!A4 -> 1.1.1 | B2: ='Perdidas P_E '!B4 -> 20 | C2: ='Perdidas P_E '!C4 -> 9.2 | D2: ='Perdidas P_E '!D4 -> 7 | E2: ='Perdidas P_E '!E4 -> 227.9 | F2: ='Perdidas P_E '!F4 -> COBRE | G2: ='Perdidas P_E '!G4 -> 4 mm² | H2: ='Perdidas P_E '!H4 -> 6.73 | ... J2: ='Perdidas P_E '!J4 -> 2.7342106 | K2: ='Perdidas P_E '!T4 -> 1 | L2: ='Perdidas P_E '!U4 -> 2.5 | M2: ='Perdidas P_E '!V4 -> 45.5 | N2: ='Perdidas P_E '!W4 -> 220 | O2: ='Perdidas P_E '!X4 -> COBRE | P2: ='Perdidas P_E '!Y4 -> 10 AWG | Q2: ='Perdidas P_E '!Z4 -> 3.94 | R2: ='Perdidas P_E '!AA4 -> 35.319915 | ... AA2: ='Perdidas P_E '!AJ4 -> 1.6953559

Sheet caidadetension
A1: INVERSOR.STRING | B1: LONGITUD HASTA CB | C1: CORRIENTE DE CARGA | D1: VOLTAJE DEL STRING | E1: CALIBRE CONDUCTOR | F1: RESISTIVIDAD OHM/KM | G1: % REG | H1: LONGITUD ENTRE CB E INVERSOR | I1: CORRIENTE DE CARGA | J1: VOLTAJE STRING | K1: CALIBRE CONDUCTOR | L1: RESISTIVIDAD OHM/KM | M1: % REG | N1: LONGITUD ENTRE INVERSOR Y TABLERO AC | O1: CORRIENTE DE CARGA | P1: VOLTAJE ACOMETIDA | Q1: CALIBRE CONDUCTOR | R1: RESISTIVIDAD OHM/KM | S1: % REG | T1: LONGITUD ENTRE TABLERO AC Y PTO DE CONEXIÓN | U1: CORRIENTE DE CARGA | V1: VOLTAJE ACOMETIDA | W1: CALIBRE CONDUCTOR | X1: RESISTIVIDAD OHM/KM | Y1: % REG | Z1: % REG TOTAL
A2: ='CAIDA DE TENSION TOTAL'!A3 -> 1.1 | B2: ='CAIDA DE TENSION TOTAL'!B3 -> 25.2 | C2: ='CAIDA DE TENSION TOTAL'!C3 -> 9.09 | D2: ='CAIDA DE TENSION TOTAL'!D3 -> 698.4 | E2: ='CAIDA DE TENSION TOTAL'!E3 -> 6 mm2 | F2: ='CAIDA DE TENSION TOTAL'!F3 -> 4.148 | G2: ='CAIDA DE TENSION TOTAL'!G3 -> 0.0027210025 | H2: ='CAIDA DE TENSION TOTAL'!H3 -> 34 | ... Z2: ='CAIDA DE TENSION TOTAL'!Z3 -> 0.028548292

Sheet resumendelsistema
A1: Columna1 | B1: Columna2
A2: Referencia Inversor (es) | B2: =CONCATENATE('TABLERO FV_INTX'!B9," ",'TABLERO FV_INTX'!B3," ",'TABLERO FV_INTX'!B4,"",) -> 1 Growatt MIN10000 TL-X2
A3: Potencia Nominal [kW] | B3: =Vars!F26 -> 45.5
A4: Potencia Total en AC [kW] | B4: ='TABLERO FV_INTX'!B5+'TABLERO FV_INTX'!F5 -> 10
A5: Voltaje de interconexión [V] | B5: =Vars!F7 -> 240/120
A6: Modulos Fotovoltaicos | B6: =Vars!F17 -> Longi LR5-72HTH-570M 570Wp
A7: Cantidad de Módulos FV | B7: =PV_INV_STRING!D5 -> 19
A8: Potencia del sistema en DC [kW] | B8: =PV_INV_STRING!C5 -> 10.83

Sheet Vars
A1: ID | B1: Tipo de variable | C1: NameID | D1: Nombre de la variable | E1: Descripción de la variable | F1: Valor
A2: 1 | B2: string | C2: 1 | D2: =_xlfn.CONCAT(B2,"00",C2) -> string001 | E2: Municipio de ubicación del proyecto | F2: Santa Rosa de Osos
A3: 2 | B3: string | C3: 2 | D3: =_xlfn.CONCAT(B3,"00",C3) -> string002 | E3: Nombre del proyecto | F3: CIPA CRÍA
A4: 3 | B4: string | C4: 3 | D4: =_xlfn.CONCAT(B4,"00",C4) -> string003 | E4: fecha de presentación de memoria de cálculo | F4: 45323
A5: 4 | B5: string | C5: 4 | D5: =_xlfn.CONCAT(B5,"00",C5) -> string004 | E5: tipo de conexión de la red | F5: Monofasico
A6: 5 | B6: string | C6: 6 | D6: =_xlfn.CONCAT(B6,"00",C6) -> string006 | E6: Ubicación exacta del proyecto | F6: Cría de la empresa CIPA
A7: 6 | B7: int | C7: 6 | D7: =_xlfn.CONCAT(B7,"00",C7) -> int006 | E7: Voltaje de interconexión a la red | F7: 240/120
A8: 7 | B8: string | C8: 8 | D8: =_xlfn.CONCAT(B8,"00",C8) -> string008 | E8: Departamento de ubicación del proyecto | F8: Antioquia
A9: 8 | B9: float | C9: 1 | D9: =_xlfn.CONCAT(B9,"00",C9) -> float001 | E9: Capacidad instalada del SFV | F9: =PV_INV_STRING!$C$5 -> 10.83
A10: 9 | B10: int | C10: 1 | D10: =_xlfn.CONCAT(B10,"00",C10) -> int001 | E10: Potencia en AC del inversor (kW) | F10: ='INV1_TABLERO FV'!B5 -> 10
A11: 10 | B11: int | C11: 2 | D11: =_xlfn.CONCAT(B11,"00",C11) -> int002 | E11: Potencia total en AC del arreglo FV (kW) | F11: ='TABLERO FV_INTX'!B5+'TABLERO FV_INTX'!F5 -> 10
A12: 11 | B12: int | C12: 3 | D12: =_xlfn.CONCAT(B12,"00",C12) -> int003 | E12: Cantidad de modulos instalados | F12: =PV_INV_STRING!$D$5 -> 19
A13: 12 | B13: string | C13: 5 | D13: =_xlfn.CONCAT(B13,"00",C13) -> string005 | E13: Referencia del inversor | F13: =CONCATENATE('INV1_TABLERO FV'!B3," ",'INV1_TABLERO FV'!B4) -> Growatt MIN10000 TL-X2
A14: 13 | B14: int | C14: 4 | D14: =_xlfn.CONCAT(B14,"00",C14) -> int004 | E14: Cantidad de inversores instalados | F14: ='TABLERO FV_INTX'!B9+'TABLERO FV_INTX'!F9 -> 1
A15: 14 | B15: int | C15: 5 | D15: =_xlfn.CONCAT(B15,"00",C15) -> int005 | E15: Voltaje de conexión del inversor en AC | F15: ='INV1_TABLERO FV'!B6 -> 220
A16: 15 | B16: int | C16: 7 | D16: =_xlfn.CONCAT(B16,"00",C16) -> int007 | E16: Calibre para puesta a tierra del sistema en DC | F16: =PV_INV_STRING!B66 -> 10 AWG
A17: 16 | B17: string | C17: 7 | D17: =_xlfn.CONCAT(B17,"00",C17) -> string007 | E17: Referencia modulo solar | F17: =CONCATENATE(PV_INV_STRING!B3," ",PV_INV_STRING!B4," ",PV_INV_STRING!B5,"Wp") -> Longi LR5-72HTH-570M 570Wp
A18: 17 | B18: float | C18: 2 | D18: =_xlfn.CONCAT(B18,"00",C18) -> float002 | E18: Corriente en serie del arreglo FV | F18: =PV_INV_STRING!B7 -> 14.07
A19: 18 | B19: float | C19: 3 | D19: =_xlfn.CONCAT(B19,"00",C19) -> float003 | E19: Corriente sobredimensionada al 1.25% | F19: =PV_INV_STRING!$B$26 -> 17.5875
A20: 19 | B20: float | C20: 4 | D20: =_xlfn.CONCAT(B20,"00",C20) -> float004 | E20: Factor de corrección por temperatura ambiente DC | F20: =PV_INV_STRING!B28 -> 1.04
A21: 20 | B21: float | C21: 5 | D21: =_xlfn.CONCAT(B21,"00",C21) -> float005 | E21: Factor de corrección por agrupación de conductores en canalización DC | F21: =PV_INV_STRING!B29 -> 1
A22: 21 | B22: float | C22: 6 | D22: =_xlfn.CONCAT(B22,"00",C22) -> float006 | E22: Ampacidad del conductor DC | F22: =PV_INV_STRING!B30 -> 13.528846
A23: 22 | B23: int | C23: 8 | D23: =_xlfn.CONCAT(B23,"00",C23) -> int008 | E23: Sección transversal cable solar | F23: =CONCATENATE(PV_INV_STRING!B36," ","mm²") -> 4 mm²
A24: 23 | B24: int | C24: 9 | D24: =_xlfn.CONCAT(B24,"00",C24) -> int009 | E24: Calibre cable seleccionado DC | F24: =PV_INV_STRING!B35 -> 12 AWG
A25: 24 | B25: int | C25: 10 | D25: =_xlfn.CONCAT(B25,"0",C25) -> int010 | E25: Protección DC seleccionada | F25: =PV_INV_STRING!B42 -> 20
A26: 25 | B26: int | C26: 12 | D26: =_xlfn.CONCAT(B26,"0",C26) -> int012 | E26: ΣInominal de los inversores | F26: ='TABLERO FV_INTX'!B13 -> 45.5
A27: 26 | B27: float | C27: 7 | D27: =_xlfn.CONCAT(B27,"00",C27) -> float007 | E27: Factor de corrección por agrupación de conductores en canalización AC | F27: ='INV1_TABLERO FV'!B26 -> 1
A28: 27 | B28: int | C28: 13 | D28: =_xlfn.CONCAT(B28,"0",C28) -> int013 | E28: Calibre del conductor salida inversor | F28: ='INV1_TABLERO FV'!B32 -> 6 AWG
A29: 28 | B29: int | C29: 14 | D29: =_xlfn.CONCAT(B29,"0",C29) -> int014 | E29: Calibre del conductor punto de interconexión | F29: ='TABLERO FV_INTX'!B33 -> 6 AWG
A30: 29 | B30: int | C30: 15 | D30: =_xlfn.CONCAT(B30,"0",C30) -> int015 | E30: Protección AC seleccionada interconexión. | F30: ='TABLERO FV_INTX'!B39 -> 50
A31: 30 | B31: int | C31: 16 | D31: =_xlfn.CONCAT(B31,"0",C31) -> int016 | E31: Puesta a tierra AC | F31: ='TABLERO FV_INTX'!B63 -> 10 AWG
A32: 31 | B32: tabla | C32: 1 | D32: =_xlfn.CONCAT(B32,"00",C32) -> tabla001 | E32: Strings por inversor | F32: Especificaciones de strings
A33: 32 | B33: float | C33: 8 | D33: =_xlfn.CONCAT(B33,"00",C33) -> float008 | E33: Ampacidad del conductor AC a la salida del inversor | F33: ='INV1_TABLERO FV'!B27 -> 43.75
A34: 33 | B34: float | C34: 9 | D34: =_xlfn.CONCAT(B34,"00",C34) -> float009 | E34: Inominal del inversor * 1.25 | F34: ='INV1_TABLERO FV'!B23 -> 45.5
A35: 34 | B35: float | C35: 10 | D35: =_xlfn.CONCAT(B35,"0",C35) -> float010 | E35: Corriente total de inversores conectados *1.25 | F35: ='TABLERO FV_INTX'!B24 -> 45.5
A36: 35 | B36: float | C36: 11 | D36: =_xlfn.CONCAT(B36,"0",C36) -> float011 | E36: Factor de corrección por agrupación de conductores en punto de interconexión | F36: ='TABLERO FV_INTX'!B27 -> 1
A37: 36 | B37: float | C37: 12 | D37: =_xlfn.CONCAT(B37,"0",C37) -> float012 | E37: Capacidad corriente al punto de interconexión | F37: ='TABLERO FV_INTX'!B24 -> 45.5
A38: 37 | B38: int | C38: 17 | D38: =_xlfn.CONCAT(B38,"0",C38) -> int017 | E38: Portección hacia el punto de interconexión | F38: ='TABLERO FV_INTX'!B39 -> 50
A39: 38 | B39: int | C39: 18 | D39: =_xlfn.CONCAT(B39,"0",C39) -> int018 | E39: Calibre puesta a tierra punto de interconexión | F39: ='TABLERO FV_INTX'!B63 -> 10 AWG
A40: 39 | B40: float | C40: 13 | D40: =_xlfn.CONCAT(B40,"0",C40) -> float013 | E40: Corriente de salida del inversor | F40: ='INV1_TABLERO FV'!B12 -> 45.5

Sheet Acometida AC
D1: La distancia mas larga de un conductor en AC sera de 100m como se especifica en los lineamientos de Celsia
D3: Nota: El máximo ∆V permitido es 3%
B8: CAIDA DE TENSION ENTRE INVERSORES Y TABLERO FOTOVOLTAICO (AC) | I8: Descargador fotovoltaico AC
B9: Datos | C9: L | D9: 3 | E9: Vn | F9: 208 | G9: ∆V | I9: Parámentros | J9: Unidad | K9: Valor
C10: I | D10: 41.6 | E10: Fórmula | G10: =(SQRT(3)*D12*D9*D10*D13)/((VLOOKUP(D11:D11,'Area cable'!B2:C28,2,FALSE))*F9)/2 -> 0.00066466961 | I10: Tensión máxima de funcionamiento AC | J10: V | K10: 320
C11: S | D11: 6 AWG | I11: Clasificación según la norma EN 61643-11 | K11: Tipo 2
D12: 0.017 | I12: Clasificación según la norma EN 61643-1 | K12: Clase II
D13: 1 | I13: Intensidad nominal de descarga (8/20) | J13: kA | K13: 20
I14: Máx. intensidad de descarga | J14: kA | K14: 40
B15: Se instalaran 2 cables No.1/0 por fase. | E15: 170 | F15: 2 | G15: =+F15*E15 -> 340 | I15: Nivel de protección | J15: kV | K15: < 4,0
I16: Tiempo de reacción | J16: ns | K16: < 25
B17: CAIDA DE TENSION ENTRE B48TABLERO FOTOVOLTAICO (AC) Y PUNTO DE CONEXIÓN EN SE EXISTENTE | I17: Sección de conexión, conector rígido | J17: mm2 | K17: 2,5 - 35
B18: Datos | C18: L | D18: 73 | E18: Vn | F18: 208 | G18: ∆V | I18: Sección de conexión, conector multifilar | J18: mm2 | K18: 2,5 - 35
C19: I | D19: 166.4 | E19: Fórmula | G19: =(SQRT(3)*D21*D18*D19*D22)/((VLOOKUP(D20:D20,'Area cable'!B11:C37,2,FALSE))*F18)/2 -> 0.0080196812 | I19: Sección de conexión, conector flexible | J19: mm2 | K19: 2,5 - 25
C20: S | D20: 4/0 AWG
D21: 0.017
D22: 1

Sheet Symo 15.0-3
D1: La distancia mas larga de un conductor en AC sera de 100m como se especifica en los lineamientos de Celsia
D3: Nota: El máximo ∆V permitido es 3%
B8: Cálculo caída de tensión en conductores (AC) | I8: Descargador fotovoltaico AC
B9: Datos | C9: L | D9: 8 | E9: Vn | F9: 208 | G9: ∆V | I9: Parámentros | J9: Unidad | K9: Valor
C10: I | D10: 41.6 | E10: Fórmula | G10: =(SQRT(3)*D12*D9*D10*D13)/((VLOOKUP(D11:D11,'Area cable'!B2:C28,2,FALSE))*F9)/2 -> 0.0028176903 | I10: Tensión máxima de funcionamiento AC | J10: V | K10: 320
C11: S | D11: 8 AWG | I11: Clasificación según la norma EN 61643-11 | K11: Tipo 2
D12: 0.017 | I12: Clasificación según la norma EN 61643-1 | K12: Clase II
D13: 1 | I13: Intensidad nominal de descarga (8/20) | J13: kA | K13: 20
I14: Máx. intensidad de descarga | J14: kA | K14: 40
I15: Nivel de protección | J15: kV | K15: < 4,0
I16: Tiempo de reacción | J16: ns | K16: < 25
I17: Sección de conexión, conector rígido | J17: mm2 | K17: 2,5 - 35
I18: Sección de conexión, conector multifilar | J18: mm2 | K18: 2,5 - 35
I19: Sección de conexión, conector flexible | J19: mm2 | K19: 2,5 - 25

Sheet Symo10.0-3
D1: La distancia mas larga de un conductor en AC sera de 100m como se especifica en los lineamientos de Celsia
D3: Nota: El máximo ∆V permitido es 3%
B8: Cálculo caída de tensión en conductores (AC) | I8: Descargador fotovoltaico AC
B9: Datos | C9: L | D9: 8 | E9: Vn | F9: 208 | G9: ∆V | I9: Parámentros | J9: Unidad | K9: Valor
C10: I | D10: 27.7 | E10: Fórmula | G10: =(SQRT(3)*D12*D9*D10*D13)/((VLOOKUP(D11:D11,'Area cable'!B2:C28,2,FALSE))*F9)/2 -> 0.0018762024 | I10: Tensión máxima de funcionamiento AC | J10: V | K10: 320
C11: S | D11: 8 AWG | I11: Clasificación según la norma EN 61643-11 | K11: Tipo 2
D12: 0.017 | I12: Clasificación según la norma EN 61643-1 | K12: Clase II
D13: 1 | I13: Intensidad nominal de descarga (8/20) | J13: kA | K13: 20
I14: Máx. intensidad de descarga | J14: kA | K14: 40
I15: Nivel de protección | J15: kV | K15: < 4,0
I16: Tiempo de reacción | J16: ns | K16: < 25
I17: Sección de conexión, conector rígido | J17: mm2 | K17: 2,5 - 35
I18: Sección de conexión, conector multifilar | J18: mm2 | K18: 2,5 - 35
I19: Sección de conexión, conector flexible | J19: mm2 | K19: 2,5 - 25

Sheet Capacidad de Corriente
A1: Selección de un conductor y derrateo por temperatura
A3: Temperatura ambiente | C3: 26-30 | D3: =VLOOKUP(C3:C3,I33:J39,2,FALSE) -> 1
A4: Cantidad de conductores por ducto | C4: 1 a 3 | D4: =VLOOKUP(C4:C4,I43:J49,2,FALSE) -> 1
A6: Calibre AWG o kcmil | B6: Temperatura Nominal @75°C (THW, THWN, XHHW) | C6: Temperatura Nominal @ 90°C (THHN, THWN-2, XHHW, XHHW-2) | I6: Temperatura Nominal @75°C (THW, THWN, XHHW) | J6: Temperatura Nominal @ 90°C (THHN, THWN-2, XHHW, XHHW-2)
A7: 14 awg | B7: =I7*$D$3*$D$4 -> 20 | C7: =J7*$D$3*$D$4 -> 25 | I7: 20 | J7: 25
A8: 12 awg | B8: =I8*$D$3*$D$4 -> 25 | C8: =J8*$D$3*$D$4 -> 30 | I8: 25 | J8: 30
A9: 10 awg | B9: =I9*$D$3*$D$4 -> 35 | C9: =J9*$D$3*$D$4 -> 40 | I9: 35 | J9: 40
A10: 8 awg | B10: =I10*$D$3*$D$4 -> 50 | C10: =J10*$D$3*$D$4 -> 55 | I10: 50 | J10: 55
A11: 6 awg | B11: =I11*$D$3*$D$4 -> 65 | C11: =J11*$D$3*$D$4 -> 75 | I11: 65 | J11: 75
A12: 4 awg | B12: =I12*$D$3*$D$4 -> 85 | C12: =J12*$D$3*$D$4 -> 95 | I12: 85 | J12: 95
A13: 2 awg | B13: =I13*$D$3*$D$4 -> 115 | C13: =J13*$D$3*$D$4 -> 130 | I13: 115 | J13: 130
A14: 1/0 awg | B14: =I14*$D$3*$D$4 -> 150 | C14: =J14*$D$3*$D$4 -> 170 | I14: 150 | J14: 170
A15: 2/0 awg | B15: =I15*$D$3*$D$4 -> 175 | C15: =J15*$D$3*$D$4 -> 195 | I15: 175 | J15: 195
A16: 3/0 awg | B16: =I16*$D$3*$D$4 -> 200 | C16: =J16*$D$3*$D$4 -> 225 | I16: 200 | J16: 225
A17: 4/0 awg | B17: =I17*$D$3*$D$4 -> 230 | C17: =J17*$D$3*$D$4 -> 260 | I17: 230 | J17: 260
A18: 250 kcmil | B18: =I18*$D$3*$D$4 -> 255 | C18: =J18*$D$3*$D$4 -> 290 | I18: 255 | J18: 290
... A26: 1000 kcmil | B26: =I26*$D$3*$D$4 -> 545 | C26: =J26*$D$3*$D$4 -> 615 | I26: 545 | J26: 615
A27: 4 mm2 | B27: =I27*$D$3*$D$4 -> 62 | I27: 62
A28: 6 mm2 | B28: =I28*$D$3*$D$4 -> 80 | I28: 80
A29: 10 mm2 | B29: =I29*$D$3*$D$4 -> 121 | I29: 121
A31: Nota aclaratoria: Los ductos son tuberías, canaletas, canalizaciones, coraza, y en general todo elemento que lleve cables en su interior. Las bandejas porta cables NO son ductos, solo elementos de soporte, por lo que a las bandejas portacable no se les debe hacer un derrateo por conductores.
I32: Temp amb | J32: Factor
I33: 21-25 | J33: 1.05
I34: 26-30 | J34: 1
I35: 31-35 | J35: 0.94
I36: 36-40 | J36: 0.88
I37: 41-45 | J37: 0.82
I38: 46-50 | J38: 0.75
I39: 51-55 | J39: 0.67
I42: Capacidad
I43: 1 a 3 | J43: 1
I44: 4 a 6 | J44: 0.8
I45: 7 a 9 | J45: 0.7
I46: 10 a 20 | J46: 0.5
I47: 21 a 30 | J47: 0.45
I48: 31 a 40 | J48: 0.4
I49: 41 y mas | J49: 0.35

Sheet Area cable
B1: AWG | C1: Sección(mm²)
B2: 18 AWG | C2: 0.82
B3: 16 AWG | C3: 1.31
B4: 14 AWG | C4: 2.08
B5: 12 AWG | C5: 3.3
B6: 10 AWG | C6: 5.25
B7: 8 AWG | C7: 8.36
B8: 6 AWG | C8: 13.29
B9: 4 AWG | C9: 21.14
B10: 2 AWG | C10: 33.62
B11: 1/0 AWG | C11: 53.5
B12: 2/0 AWG | C12: 67.44
B13: 3/0 AWG | C13: 85.02
... B28: 12 mm² | C28: 12
